Date,Open,High,Low,Close,Volume,Dividends,Stock Splits
2013-04-08 00:00:00-04:00,2.1099012895089677,2.132267713546753,2.1024458148297063,2.132267713546753,2041100,0.0,0.0
2013-04-09 00:00:00-04:00,2.1620895862579346,2.169545060234582,2.1322675125988253,2.1620895862579346,1655800,0.0,0.0
2013-04-10 00:00:00-04:00,2.1919120320083625,2.2217339353958128,2.1919120320083625,2.21427845954895,1727800,0.0,0.0
2013-04-11 00:00:00-04:00,2.221733331680298,2.2440997531432183,2.2142778578593245,2.221733331680298,1163900,0.0,0.0
2013-04-12 00:00:00-04:00,2.2291888055012716,2.2440997531432183,2.2142778578593245,2.221733331680298,1631900,0.0,0.0
2013-04-15 00:00:00-04:00,2.214277904094465,2.221733378071112,2.1546341122812875,2.1620895862579346,1890800,0.0,0.0
2013-04-16 00:00:00-04:00,2.206822384038351,2.221733331680298,2.191911436396404,2.221733331680298,930400,0.0,0.0
2013-04-17 00:00:00-04:00,2.2068222921132796,2.2068222921132796,2.154633977540367,2.1844558715820312,1387500,0.0,0.0
2013-04-18 00:00:00-04:00,2.1620895598383734,2.1620895598383734,2.1099010648870373,2.117356538772583,2038600,0.0,0.0
2013-04-19 00:00:00-04:00,2.132267760878865,2.147178888320923,2.124812286034106,2.147178888320923,607600,0.0,0.0
2013-04-22 00:00:00-04:00,2.206822361914103,2.2515552043914795,2.1993668881678734,2.2515552043914795,1207600,0.0,0.0
2013-04-23 00:00:00-04:00,2.2888326413273496,2.333565662890237,2.2888326413273496,2.3186545372009277,1432300,0.0,0.0
2013-04-24 00:00:00-04:00,2.3335658000404953,2.3708431720733643,2.3335658000404953,2.3708431720733643,7541400,0.0,0.0
2013-04-25 00:00:00-04:00,2.4155761792101713,2.4603090286254883,2.4155761792101713,2.4603090286254883,6681200,0.0,0.0
2013-04-26 00:00:00-04:00,2.4453980922698975,2.452853567213455,2.4230316674392256,2.4453980922698975,2272800,0.0,0.0
2013-04-29 00:00:00-04:00,2.4752198269661703,2.497586250305176,2.4752198269661703,2.497586250305176,2641100,0.0,0.0
2013-04-30 00:00:00-04:00,2.54231928519212,2.557230234146118,2.505041735054592,2.557230234146118,9104700,0.0,0.0
2013-05-01 00:00:00-04:00,2.5423192620498303,2.5497747364589634,2.4975862378425004,2.5124971866607666,1821100,0.0,0.0
2013-05-02 00:00:00-04:00,2.4975861736428473,2.527408248265344,2.4901306994253547,2.5199527740478516,945600,0.0,0.0
2013-05-03 00:00:00-04:00,2.5274083614349365,2.542319310537588,2.5050417600284245,2.5274083614349365,1540200,0.0,0.0
2013-05-06 00:00:00-04:00,2.5274079879912845,2.5572298817901773,2.51249686333933,2.549774408340454,1374100,0.0,0.0
2013-05-07 00:00:00-04:00,2.549774408340454,2.5721408286896237,2.542318934890731,2.549774408340454,2585400,0.0,0.0
2013-05-08 00:00:00-04:00,2.5870520822347713,2.6168739795684814,2.5795966079013435,2.6168739795684814,2005100,0.0,0.0
2013-05-09 00:00:00-04:00,2.676517737095197,2.683973211325169,2.639240365945339,2.661606788635254,4041900,0.0,0.0
2013-05-10 00:00:00-04:00,2.683973235476898,2.7212507847147247,2.6765177611798383,2.7063398361206055,3239800,0.0,0.0
2013-05-13 00:00:00-04:00,2.6541514269302335,2.6765178505683918,2.6317850032920758,2.669062376022339,3317100,0.0,0.0
2013-05-14 00:00:00-04:00,2.6616070004716135,2.698884374588365,2.6616070004716135,2.6914288997650146,1374700,0.0,0.0
2013-05-15 00:00:00-04:00,2.706339473372777,2.7212504199682876,2.6914283490247617,2.7137949466705322,1858800,0.0,0.0
2013-05-16 00:00:00-04:00,2.743617271052182,2.7958055923384575,2.736161796582714,2.7734391689300537,2548100,0.0,0.0
2013-05-17 00:00:00-04:00,2.855449188137329,2.870360136032105,2.8405382402425534,2.8703601360321045,2664600,0.0,0.0
2013-05-20 00:00:00-04:00,2.8256274277937137,2.8554493250127724,2.8256274277937137,2.847993850708008,1909100,0.0,0.0
2013-05-21 00:00:00-04:00,2.8107161734552335,2.8181716469490463,2.765983332492354,2.7808942794799805,2852700,0.0,0.0
2013-05-22 00:00:00-04:00,2.8256271204428596,2.862904487911926,2.773438805986167,2.7808942794799805,3100900,0.0,0.0
2013-05-23 00:00:00-04:00,2.751072758070986,2.7659837070779396,2.728706334560555,2.758528232574463,2182700,0.0,0.0
2013-05-24 00:00:00-04:00,2.7137953855536012,2.758528232574463,2.7063399110501245,2.758528232574463,1191800,0.0,0.0
2013-05-28 00:00:00-04:00,2.7734391689300537,2.7883501178689896,2.75107274552165,2.7734391689300537,2415800,0.0,0.0
2013-05-29 00:00:00-04:00,2.751072870346057,2.765983819961548,2.736161920730567,2.765983819961548,1244200,0.0,0.0
2013-05-30 00:00:00-04:00,2.8032608032226562,2.825627224527988,2.7958053294542125,2.8032608032226562,1350100,0.0,0.0
2013-05-31 00:00:00-04:00,2.8181716469490463,2.840538067430486,2.7808942794799805,2.7808942794799805,3745600,0.0,0.0
2013-06-03 00:00:00-04:00,2.818171953488949,2.847993850708008,2.7958055305746554,2.847993850708008,2186700,0.0,0.0
2013-06-04 00:00:00-04:00,2.840538401105627,2.8629048242144273,2.818171977996826,2.818171977996826,1660900,0.0,0.0
2013-06-05 00:00:00-04:00,2.825627565383911,2.8479939893873083,2.818172090716112,2.825627565383911,2371700,0.0,0.0
2013-06-06 00:00:00-04:00,2.8181719656783937,2.833082914352417,2.788350068330346,2.833082914352417,1649300,0.0,0.0
2013-06-07 00:00:00-04:00,2.8330830359156742,2.9001824855804443,2.81071661194493,2.9001824855804443,1971000,0.0,0.0
2013-06-10 00:00:00-04:00,2.870360011377002,2.8778154850006104,2.840538116882567,2.8778154850006104,3871300,0.0,0.0
2013-06-11 00:00:00-04:00,2.8032611285708477,2.8629049256406947,2.795805653937117,2.840538501739502,1501600,0.0,0.0
2013-06-12 00:00:00-04:00,2.8554493752080483,2.8554493752080483,2.7883501052856445,2.7883501052856445,1881900,0.0,0.0
2013-06-13 00:00:00-04:00,2.8554494126717187,2.8927269630924473,2.840538463604441,2.8852713108062744,1907300,0.0,0.0
2013-06-14 00:00:00-04:00,2.9225486314163396,2.9300041053637274,2.8330827662951656,2.8703601360321045,3986700,0.0,0.0
2013-06-17 00:00:00-04:00,2.8927266210054214,2.915093041961338,2.8554490749930475,2.8629045486450195,2909500,0.0,0.0
2013-06-18 00:00:00-04:00,2.922548657531464,2.930004131545472,2.90018223548944,2.915093183517456,1544200,0.0,0.0
2013-06-19 00:00:00-04:00,2.8852712347114995,2.9001823611380524,2.8107164913413816,2.833082914352417,2148000,0.0,0.0
2013-06-20 00:00:00-04:00,2.8629048496438707,2.8703603240796935,2.7808946308498217,2.7883501052856445,2240800,0.0,0.0
2013-06-21 00:00:00-04:00,2.840538401105627,2.855449349844827,2.773439131779225,2.818171977996826,2307700,0.0,0.0
2013-06-24 00:00:00-04:00,2.7808942794799805,2.8181716469490463,2.7585278589985407,2.7808942794799805,2872000,0.0,0.0
2013-06-25 00:00:00-04:00,2.8256275524720404,2.8479939763732327,2.795805653937117,2.840538501739502,3404600,0.0,0.0
2013-06-26 00:00:00-04:00,2.8554490749930475,2.877815495948964,2.840538127689103,2.8629045486450195,1474500,0.0,0.0
2013-06-27 00:00:00-04:00,2.877815747927066,2.892726874289124,2.8330829020984782,2.847993850708008,1352200,0.0,0.0
2013-06-28 00:00:00-04:00,2.877815495948964,2.9001820946573935,2.8479936013410754,2.8629045486450195,2167300,0.0,0.0
2013-07-01 00:00:00-04:00,2.900182122407063,2.9374594910236036,2.8927266486837553,2.907637596130371,1073800,0.0,0.0
2013-07-02 00:00:00-04:00,2.8554491996765137,2.8703601476315463,2.8181718297889327,2.8554491996765137,1730400,0.0,0.0
2013-07-03 00:00:00-04:00,2.8554495839551257,2.8927271366119385,2.847994108974272,2.8927271366119385,1283800,0.0,0.0
2013-07-05 00:00:00-04:00,2.9300040173002952,2.9374594910236036,2.870360049761316,2.907637596130371,2231500,0.0,0.0
2013-07-08 00:00:00-04:00,2.967281727823775,3.012014575317994,2.959826253241405,3.004559278488159,2729300,0.0,0.0
2013-07-09 00:00:00-04:00,2.9821926545818678,2.989648306860755,2.9225488583710413,2.9598262310028076,2332800,0.0,0.0
2013-07-10 00:00:00-04:00,2.944915281950101,2.989648306860755,2.937459807423748,2.9598262310028076,1056400,0.0,0.0
2013-07-11 00:00:00-04:00,2.974737253899536,3.026925576879517,2.959826304476684,3.012014627456665,1638500,0.0,0.0
2013-07-12 00:00:00-04:00,3.01946977017481,3.056746959686279,3.004558823269219,3.0567469596862793,2446700,0.0,0.0
2013-07-15 00:00:00-04:00,3.123846809111293,3.1536687068422546,3.1089358602458117,3.1462130546569824,2888300,0.0,0.0
2013-07-16 00:00:00-04:00,3.116390879393004,3.131301826930577,3.0940246358391605,3.1238465309143066,1417500,0.0,0.0
2013-07-17 00:00:00-04:00,3.1611238503513355,3.20585705028531,3.1611238503513355,3.190946102142334,2588100,0.0,0.0
2013-07-18 00:00:00-04:00,3.18349026541534,3.205856864083234,3.168579318138419,3.1984012126922607,2072400,0.0,0.0
2013-07-19 00:00:00-04:00,3.1536686420440674,3.168579590603174,3.131302041452879,3.1536686420440674,2038100,0.0,0.0
2013-07-22 00:00:00-04:00,3.183490514755249,3.19094616673017,3.16112391433554,3.183490514755249,1329300,0.0,0.0
2013-07-23 00:00:00-04:00,3.168579602922638,3.168579602922638,3.1238467570713957,3.1387577056884766,1448900,0.0,0.0
2013-07-24 00:00:00-04:00,3.153668932218153,3.183490832080327,3.1462132795000652,3.1611242294311523,1431000,0.0,0.0
2013-07-25 00:00:00-04:00,3.16112391433554,3.183490514755249,3.1462129658907516,3.183490514755249,1507500,0.0,0.0
2013-07-26 00:00:00-04:00,3.1462129900119864,3.168579590603174,3.131302041452879,3.1536686420440674,1340200,0.0,0.0
2013-07-29 00:00:00-04:00,3.153668932218153,3.183490832080327,3.131302329568978,3.1611242294311523,2661000,0.0,0.0
2013-07-30 00:00:00-04:00,3.0716581344604497,3.094024734230593,3.0567471864487015,3.071658134460449,1920200,0.0,0.0
2013-07-31 00:00:00-04:00,3.079113463244716,3.131301598059199,3.079113463244716,3.1089353561401367,1987500,0.0,0.0
2013-08-01 00:00:00-04:00,3.3624222802945076,3.384788525400049,3.3326000276453587,3.369877576828003,6180300,0.0,0.0
2013-08-02 00:00:00-04:00,3.3475102119311284,3.3773324577714163,3.3325992667634723,3.3624215126037598,2901900,0.0,0.0
2013-08-05 00:00:00-04:00,3.489165544509888,3.4966211973585124,3.45934364412558,3.4891655445098877,3849500,0.0,0.0
2013-08-06 00:00:00-04:00,3.4369771737960226,3.4518881230216096,3.392244326119261,3.4071552753448486,2058400,0.0,0.0
2013-08-07 00:00:00-04:00,3.422065798914149,3.429521094847074,3.3847882527344413,3.4146101474761963,2147300,0.0,0.0
2013-08-08 00:00:00-04:00,3.429521743741272,3.489165544509888,3.4220664463977424,3.4891655445098877,3063200,0.0,0.0
2013-08-09 00:00:00-04:00,3.4742545428033056,3.5115320954835063,3.4667992455703196,3.481710195541382,2514300,0.0,0.0
2013-08-12 00:00:00-04:00,3.496621145512444,3.5115320954835063,3.4667992455703196,3.481710195541382,1868400,0.0,0.0
2013-08-13 00:00:00-04:00,3.4966211050114535,3.5264430046081543,3.4742545025613856,3.5264430046081543,3610900,0.0,0.0
2013-08-14 00:00:00-04:00,3.54880904045161,3.586086231243227,3.54880904045161,3.5637199878692627,3974200,0.0,0.0
2013-08-15 00:00:00-04:00,3.518987444894196,3.518987444894196,3.45934364412558,3.4891655445098877,2767800,0.0,0.0
2013-08-16 00:00:00-04:00,3.511531741015,3.5637202383981403,3.5040760890295286,3.548809289932251,2715200,0.0,0.0
2013-08-19 00:00:00-04:00,3.511531880646843,3.511531880646843,3.451888084411621,3.451888084411621,3736200,0.0,0.0
2013-08-20 00:00:00-04:00,3.3996993616860185,3.4518878577170153,3.3847884136064548,3.436976909637451,6598800,0.0,0.0
2013-08-21 00:00:00-04:00,3.4369764863996024,3.4891646204989777,3.4146098892820125,3.444431781768799,2167900,0.0,0.0
2013-08-22 00:00:00-04:00,3.466798597060184,3.4891648400803335,3.45188764987841,3.4742538928985596,1030300,0.0,0.0
2013-08-23 00:00:00-04:00,3.496621145512444,3.50407644274543,3.4593435928322434,3.481710195541382,1887300,0.0,0.0
2013-08-26 00:00:00-04:00,3.481710195541382,3.496621145512444,3.4667992455703196,3.481710195541382,1531400,0.0,0.0
2013-08-27 00:00:00-04:00,3.3698773838598846,3.3847883315780907,3.3102335929870605,3.3102335929870605,3135200,0.0,0.0
2013-08-28 00:00:00-04:00,3.3698777245283447,3.429521521430693,3.3624224276680867,3.4071552753448486,3789400,0.0,0.0
2013-08-29 00:00:00-04:00,3.3996991579926745,3.4369767037106187,3.3922438621520996,3.3922438621520996,2167200,0.0,0.0
2013-08-30 00:00:00-04:00,3.407155150934399,3.414610447522431,3.3251447554356997,3.3400557041168213,1838300,0.0,0.0
2013-09-03 00:00:00-04:00,3.3847884606058685,3.4071550607883077,3.3549665640326487,3.377333164215088,1362100,0.0,0.0
2013-09-04 00:00:00-04:00,3.369877263620328,3.4071548093382726,3.354966316434155,3.3922438621520996,1809300,0.0,0.0
2013-09-05 00:00:00-04:00,3.466798759300651,3.504075951247086,3.45934310760834,3.4966206550598145,3233600,0.0,0.0
2013-09-06 00:00:00-04:00,3.5040757549211787,3.5338976490094853,3.4667985650633057,3.518986701965332,2974700,0.0,0.0
2013-09-09 00:00:00-04:00,3.571175303406313,3.623363797406761,3.571175303406313,3.615908145904541,3320000,0.0,0.0
2013-09-10 00:00:00-04:00,3.660641181459692,3.6830077816409035,3.6382749367835303,3.6755521297454834,2009100,0.0,0.0
2013-09-11 00:00:00-04:00,3.6009976213951975,3.6084532737731934,3.5711757228933587,3.6084532737731934,1816000,0.0,0.0
2013-09-12 00:00:00-04:00,3.5786314010620117,3.600997647347045,3.5637204517036314,3.5786314010620117,1284400,0.0,0.0
2013-09-13 00:00:00-04:00,3.593541828074303,3.653185616838188,3.593541828074303,3.638274669647217,1619400,0.0,0.0
2013-09-16 00:00:00-04:00,3.6830079555511475,3.7053742012834348,3.5786313126219835,3.6830079555511475,7843400,0.0,0.0
2013-09-17 00:00:00-04:00,3.556264336407922,3.60099717866088,3.5413533889902693,3.5637199878692627,11501600,0.0,0.0
2013-09-18 00:00:00-04:00,3.6308189549772583,3.7873840755044514,3.6233636592643053,3.7277402877807617,11259600,0.0,0.0
2013-09-19 00:00:00-04:00,3.7202851502733156,3.7202851502733156,3.6680970065612666,3.6830079555511475,3258800,0.0,0.0
2013-09-20 00:00:00-04:00,3.6308190182992197,3.660640912681162,3.6159080711082483,3.638274669647217,3155800,0.0,0.0
2013-09-23 00:00:00-04:00,3.6084533655023807,3.6159086625648227,3.5413539144149966,3.5711758136749268,3244500,0.0,0.0
2013-09-24 00:00:00-04:00,3.586086231243227,3.5935418827045678,3.54880904045161,3.5637199878692627,1868700,0.0,0.0
2013-09-25 00:00:00-04:00,3.5786318334855136,3.630819984793455,3.5711761801528827,3.6233646869659424,2520800,0.0,0.0
2013-09-26 00:00:00-04:00,3.600998401641846,3.6159093541235974,3.586087449160095,3.6009984016418457,1690900,0.0,0.0
2013-09-27 00:00:00-04:00,3.593543103153545,3.6084540556352964,3.578632150671794,3.6009984016418457,2174000,0.0,0.0
2013-09-30 00:00:00-04:00,3.556264614445087,3.59354216365618,3.5488093179059024,3.5860865116119385,2737900,0.0,0.0
2013-10-01 00:00:00-04:00,3.62336424916766,3.660641444811387,3.6009976473773637,3.645730495452881,4281300,0.0,0.0
2013-10-02 00:00:00-04:00,3.6308192967211195,3.6606411933898926,3.608453051972065,3.6606411933898926,2314300,0.0,0.0
2013-10-03 00:00:00-04:00,3.653186307603716,3.6755525548668007,3.623364407582877,3.6680972576141357,7378100,0.0,0.0
2013-10-04 00:00:00-04:00,3.6233640003064513,3.6606411933898926,3.608453051972065,3.6606411933898926,9684800,0.0,0.0
2013-10-07 00:00:00-04:00,3.5637200074091235,3.623363797406761,3.5562643559069036,3.615908145904541,3595300,0.0,0.0
2013-10-08 00:00:00-04:00,3.5488096481637066,3.5488096481637066,3.481710195541382,3.481710195541382,7041000,0.0,0.0
2013-10-09 00:00:00-04:00,3.518987126502973,3.518987126502973,3.4817099321479046,3.5115318298339844,4462600,0.0,0.0
2013-10-10 00:00:00-04:00,3.5711752295353345,3.638274669647217,3.5711752295353345,3.638274669647217,2573300,0.0,0.0
2013-10-11 00:00:00-04:00,3.653186817300925,3.6904640197753906,3.6382758652101104,3.6904640197753906,2411600,0.0,0.0
2013-10-14 00:00:00-04:00,3.623364913119296,3.6904640197753906,3.615909259321319,3.6904640197753906,2194900,0.0,0.0
2013-10-15 00:00:00-04:00,3.6904632522935543,3.697918904541028,3.675552303303674,3.6830079555511475,1585800,0.0,0.0
2013-10-16 00:00:00-04:00,3.6830079555511475,3.7053742012834348,3.6680970065612666,3.6830079555511475,2072600,0.0,0.0
2013-10-17 00:00:00-04:00,3.6979183104518945,3.772473043423705,3.6904626594022085,3.7650177478790283,2516300,0.0,0.0
2013-10-18 00:00:00-04:00,3.7351958648883645,3.7501068115234375,3.7202845627482817,3.7501068115234375,1959700,0.0,0.0
2013-10-21 00:00:00-04:00,3.735196865971698,3.7724740647976693,3.7277412129034406,3.7575631141662598,2563800,0.0,0.0
2013-10-22 00:00:00-04:00,3.7724735132065983,3.854483907440778,3.76501821673352,3.8470282554626465,24087300,0.0,0.0
2013-10-23 00:00:00-04:00,3.8172056674957275,3.824661318124093,3.7799284808688682,3.8172056674957275,20765600,0.0,0.0
2013-10-24 00:00:00-04:00,3.876850384031352,4.003593631192871,3.869395087112773,3.996138334274292,29656100,0.0,0.0
2013-10-25 00:00:00-04:00,3.9364946274010375,3.9663165267710765,3.914128025120967,3.9588608741760254,4752800,0.0,0.0
2013-10-28 00:00:00-04:00,3.9066718906360776,3.9737713336944585,3.86939469877423,3.973771333694458,14177300,0.0,0.0
2013-10-29 00:00:00-04:00,3.817206873696491,3.83211782415995,3.7799296752903944,3.8022959232330322,6635100,0.0,0.0
2013-10-30 00:00:00-04:00,3.7873852404577786,3.8097518454863644,3.7501080394169706,3.7724742889404297,5619100,0.0,0.0
2013-10-31 00:00:00-04:00,3.794839651428656,3.809750598063729,3.7351958648883645,3.7501068115234375,4436800,0.0,0.0
2013-11-01 00:00:00-04:00,3.72774059063595,3.742651538778292,3.7053739906699144,3.720284938812256,5796900,0.0,0.0
2013-11-04 00:00:00-05:00,3.735196735016183,3.735196735016183,3.683008231883419,3.7053744792938232,2654600,0.0,0.0
2013-11-05 00:00:00-05:00,3.6308197048355417,3.6755525548668007,3.5935425075620375,3.6680972576141357,7072600,0.0,0.0
2013-11-06 00:00:00-05:00,3.638275172275032,3.6457304691479555,3.6009976213951975,3.6084532737731934,3073300,0.0,0.0
2013-11-07 00:00:00-05:00,3.608453702615316,3.615909000374255,3.5338985919952393,3.5338985919952393,4115900,0.0,0.0
2013-11-08 00:00:00-05:00,3.5711754917449454,3.6755521297454834,3.5637201953545747,3.6755521297454834,5631600,0.0,0.0
2013-11-11 00:00:00-05:00,3.7053744792938232,3.7128301321006862,3.6755525790765557,3.7053744792938232,2396900,0.0,0.0
2013-11-12 00:00:00-05:00,3.653185616838188,3.675551859872133,3.6308190182992197,3.638274669647217,2290400,0.0,0.0
2013-11-13 00:00:00-05:00,3.6009976473773637,3.6531861478846714,3.5935423504506483,3.645730495452881,2645600,0.0,0.0
2013-11-14 00:00:00-05:00,3.653186057571386,3.6830079555511475,3.653186057571386,3.6830079555511475,3011900,0.0,0.0
2013-11-15 00:00:00-05:00,3.668096284541315,3.7053734719259244,3.645729687706553,3.697918176651001,3306600,0.0,0.0
2013-11-18 00:00:00-05:00,3.6904628720747086,3.7053738195283525,3.623363786285825,3.630819082260132,8718400,0.0,0.0
2013-11-19 00:00:00-05:00,3.638274669647217,3.660640912681162,3.6233637224562454,3.638274669647217,2541500,0.0,0.0
2013-11-20 00:00:00-05:00,3.6308195198970363,3.6531861215259513,3.6009976213951975,3.6084532737731934,3000300,0.0,0.0
2013-11-21 00:00:00-05:00,3.645730245055506,3.668096845309611,3.6308192967211195,3.6606411933898926,9569300,0.0,0.0
2013-11-22 00:00:00-05:00,3.6904637894340273,3.6979194427666577,3.6084537358057998,3.6233646869659424,9755800,0.0,0.0
2013-11-25 00:00:00-05:00,3.6531861478846714,3.660641444811387,3.638275198526166,3.645730495452881,2053200,0.0,0.0
2013-11-26 00:00:00-05:00,3.6606406629185337,3.675551609092143,3.6382744214106197,3.6531853675842285,2504200,0.0,0.0
2013-11-27 00:00:00-05:00,3.7277414343883843,3.7873852404577786,3.7277414343883843,3.7724742889404297,3403800,0.0,0.0
2013-11-29 00:00:00-05:00,3.809751576217312,3.824662526680771,3.787384972769573,3.8022959232330322,1754800,0.0,0.0
2013-12-02 00:00:00-05:00,3.8619389758296294,3.8768499234002056,3.8321170806884766,3.8321170806884766,1957900,0.0,0.0
2013-12-03 00:00:00-05:00,3.854483209627576,3.8693941553793176,3.802294721743986,3.8172056674957275,3388900,0.0,0.0
2013-12-04 00:00:00-05:00,3.7650177478790283,3.7948396410677527,3.735195854690304,3.7650177478790283,3790500,0.0,0.0
2013-12-05 00:00:00-05:00,3.779928704793583,3.779928704793583,3.7351958648883645,3.7501068115234375,1701000,0.0,0.0
2013-12-06 00:00:00-05:00,3.8321170806884766,3.8470280282590528,3.8097508370851276,3.8321170806884766,1885800,0.0,0.0
2013-12-09 00:00:00-05:00,3.832117307011437,3.8619392039138565,3.8172063585602274,3.8470282554626465,1735200,0.0,0.0
2013-12-10 00:00:00-05:00,3.847028255462647,3.8619392039138565,3.832117307011437,3.8470282554626465,1356500,0.0,0.0
2013-12-11 00:00:00-05:00,3.8246615342564767,3.8246615342564767,3.7650177478790283,3.7650177478790283,3999400,0.0,0.0
2013-12-12 00:00:00-05:00,3.712829122705844,3.7277400687606868,3.683007230596158,3.697918176651001,4558500,0.0,0.0
2013-12-13 00:00:00-05:00,3.697918904541028,3.697918904541028,3.6606413543137934,3.6830079555511475,1754900,0.0,0.0
2013-12-16 00:00:00-05:00,3.727740213818323,3.757562107088469,3.7202845627482817,3.7501068115234375,1686900,0.0,0.0
2013-12-17 00:00:00-05:00,3.735196242459644,3.742651538778292,3.6979186943512663,3.720284938812256,1256600,0.0,0.0
2013-12-18 00:00:00-05:00,3.7426521213791966,3.8022959232330322,3.7128302204522785,3.8022959232330322,2309100,0.0,0.0
2013-12-19 00:00:00-05:00,3.7650181769637268,3.82466197013855,3.7650181769637268,3.82466197013855,1375300,0.0,0.0
2013-12-20 00:00:00-05:00,3.7948400735511383,3.82466197013855,3.787384421651761,3.82466197013855,2281700,0.0,0.0
2013-12-23 00:00:00-05:00,3.8246617624422377,3.8693946048941608,3.8172061109477355,3.861938953399658,1626200,0.0,0.0
2013-12-24 00:00:00-05:00,3.8470277582883114,3.8768496513366695,3.8470277582883114,3.87684965133667,865600,0.0,0.0
2013-12-26 00:00:00-05:00,3.899216628674557,3.9439494726042503,3.8917609769337536,3.9290385246276855,1504700,0.0,0.0
2013-12-27 00:00:00-05:00,3.906671936509156,3.9215832400350337,3.8917609884883206,3.9141275882720947,2188700,0.0,0.0
2013-12-30 00:00:00-05:00,3.876850577549105,3.906672477722168,3.8693952802583857,3.906672477722168,1706200,0.0,0.0
2013-12-31 00:00:00-05:00,3.914127960771003,3.9663164615631104,3.914127960771003,3.9663164615631104,2298500,0.0,0.0
2014-01-02 00:00:00-05:00,3.914127761983933,3.9290387106665263,3.899216813301339,3.921583414077759,2113300,0.0,0.0
2014-01-03 00:00:00-05:00,3.9141270290544963,3.973770812616433,3.9141270290544963,3.951404571533203,2743300,0.0,0.0
2014-01-06 00:00:00-05:00,3.9514045715332027,3.981226463314171,3.9364936256427185,3.951404571533203,1981500,0.0,0.0
2014-01-07 00:00:00-05:00,4.07069284223295,4.085603790700633,4.055781893765268,4.063237190246582,3077000,0.0,0.0
2014-01-08 00:00:00-05:00,4.145248081376205,4.189980932140451,4.137792784001379,4.182525634765625,21610100,0.0,0.0
2014-01-09 00:00:00-05:00,4.2347132514066645,4.264535148173222,4.219802303023386,4.24216890335083,5731300,0.0,0.0
2014-01-10 00:00:00-05:00,4.175069583016007,4.182525235183645,4.107970491032568,4.160158634185791,5170200,0.0,0.0
2014-01-13 00:00:00-05:00,4.145248137274443,4.189980988641907,4.1154262363628,4.122881889343262,4982200,0.0,0.0
2014-01-14 00:00:00-05:00,4.219802355184152,4.25707990435566,4.1825251615177,4.249624252319336,2689900,0.0,0.0
2014-01-15 00:00:00-05:00,4.26453552175773,4.294357776641846,4.249624572068212,4.294357776641846,3132800,0.0,0.0
2014-01-16 00:00:00-05:00,4.204891455638401,4.212347107761644,4.152703312795932,4.189980506896973,4379200,0.0,0.0
2014-01-17 00:00:00-05:00,4.152704015381606,4.167614966645782,4.137793064117432,4.137793064117432,2586400,0.0,0.0
2014-01-21 00:00:00-05:00,4.189980506896973,4.197436159020216,4.137792364054504,4.189980506896973,2001100,0.0,0.0
2014-01-22 00:00:00-05:00,4.182525210278788,4.189980506896973,4.152703312795932,4.189980506896973,1426500,0.0,0.0
2014-01-23 00:00:00-05:00,4.175069355446557,4.175069355446557,4.130336511394153,4.145247459411621,5349000,0.0,0.0
2014-01-24 00:00:00-05:00,4.085603608520723,4.093058904669601,3.988682270050049,3.988682270050049,7239200,0.0,0.0
2014-01-27 00:00:00-05:00,4.025959817309551,4.048326061261221,3.951405078295585,3.988682270050049,3413600,0.0,0.0
2014-01-28 00:00:00-05:00,4.130337410732784,4.145248361996958,4.107971161589082,4.137793064117432,2553000,0.0,0.0
2014-01-29 00:00:00-05:00,4.085603562310284,4.093058858374838,4.040870719407858,4.048326015472412,2253700,0.0,0.0
2014-01-30 00:00:00-05:00,4.130336684501152,4.1676142338596875,4.100514787216347,4.152703285217285,1647900,0.0,0.0
2014-01-31 00:00:00-05:00,4.055782290970427,4.122881743398946,4.055782290970427,4.085604190826416,3222200,0.0,0.0
2014-02-03 00:00:00-05:00,3.96631562101586,3.9886818626832508,3.884305238723755,3.884305238723755,4723300,0.0,0.0
2014-02-04 00:00:00-05:00,3.92903891021088,3.9886827079703875,3.92903891021088,3.9663164615631104,2125800,0.0,0.0
2014-02-05 00:00:00-05:00,3.98868172058002,4.0259592627042675,3.9737707748313182,4.011048316955566,1755300,0.0,0.0
2014-02-06 00:00:00-05:00,4.0483266382538865,4.085604190826416,4.0483266382538865,4.085604190826416,1873200,0.0,0.0
2014-02-07 00:00:00-05:00,4.048325993080261,4.085603539711943,4.025959749505278,4.078147888183594,1736600,0.0,0.0
2014-02-10 00:00:00-05:00,4.070692690202426,4.122881185642728,4.063237038494509,4.107970237731934,1622200,0.0,0.0
2014-02-11 00:00:00-05:00,4.093059186697291,4.175069583016007,4.085603890034713,4.160158634185791,2296600,0.0,0.0
2014-02-12 00:00:00-05:00,4.1676140359082385,4.182524983842408,4.137792140039901,4.175069332122803,3319300,0.0,0.0
2014-02-13 00:00:00-05:00,4.018504958747144,4.107971018725948,3.988683057255912,4.100515365600586,3760800,0.0,0.0
2014-02-14 00:00:00-05:00,4.033415045528595,4.093058835735261,4.025959749505278,4.078147888183594,3182000,0.0,0.0
2014-02-18 00:00:00-05:00,4.145247685355575,4.175069583016007,4.1303367365253605,4.160158634185791,2209800,0.0,0.0
2014-02-19 00:00:00-05:00,4.093059087181947,4.115425687635998,4.055781893765268,4.063237190246582,2098700,0.0,0.0
2014-02-20 00:00:00-05:00,4.070692818141138,4.100514714900007,4.0334152694400265,4.093059062957764,1208500,0.0,0.0
2014-02-21 00:00:00-05:00,4.078147910740696,4.085603562310284,4.048326015472412,4.048326015472412,2072000,0.0,0.0
2014-02-24 00:00:00-05:00,4.0483266382538865,4.107970793470952,4.025960391114439,4.085604190826416,1751600,0.0,0.0
2014-02-25 00:00:00-05:00,4.085603790700633,4.107970391154684,4.048326241778899,4.063237190246582,1620000,0.0,0.0
2014-02-26 00:00:00-05:00,4.048326266092636,4.063237214649872,4.02596002100931,4.0334153175354,1635200,0.0,0.0
2014-02-27 00:00:00-05:00,4.070693384995336,4.122881889343262,4.063237732014875,4.122881889343262,1693500,0.0,0.0
2014-02-28 00:00:00-05:00,4.145247858061727,4.175069756964646,4.122881611637075,4.167614459991455,1998500,0.0,0.0
2014-03-03 00:00:00-05:00,4.070693492889404,4.107971047769553,4.063237839711331,4.070693492889404,2266900,0.0,0.0
2014-03-04 00:00:00-05:00,4.093059741413406,4.107971047769553,4.048326888860293,4.070693492889404,3017900,0.0,0.0
2014-03-05 00:00:00-05:00,4.070693492889404,4.085604443740442,4.055782542038367,4.070693492889404,1791900,0.0,0.0
2014-03-06 00:00:00-05:00,4.122881185642728,4.152703081464318,4.1005145860240155,4.107970237731934,2082000,0.0,0.0
2014-03-07 00:00:00-05:00,4.1228812385039495,4.137792186605924,4.093058986794955,4.1154255867004395,1427600,0.0,0.0
2014-03-10 00:00:00-04:00,4.093059488037869,4.107970793470952,4.055782290970427,4.085604190826416,1494100,0.0,0.0
2014-03-11 00:00:00-04:00,4.070692866681018,4.085603815238254,4.0334153175354,4.0334153175354,1831800,0.0,0.0
2014-03-12 00:00:00-04:00,4.025960272094518,4.0483265185727495,4.003593670111209,4.018504619598389,1546700,0.0,0.0
2014-03-13 00:00:00-04:00,4.011048419482914,4.025959365612757,3.9364936888336954,3.943948984146118,2407800,0.0,0.0
2014-03-14 00:00:00-04:00,3.914127576651121,3.936494176368489,3.899216628674557,3.9290385246276855,3011500,0.0,0.0
2014-03-17 00:00:00-04:00,3.951405078295585,4.011048869506758,3.951405078295585,3.988682270050049,1612100,0.0,0.0
2014-03-18 00:00:00-04:00,3.9961379217039643,4.018504165655635,3.9737713222472557,3.988682270050049,2127700,0.0,0.0
2014-03-19 00:00:00-04:00,3.9812272088081335,3.9886825053969006,3.899216813301339,3.921583414077759,2149200,0.0,0.0
2014-03-20 00:00:00-04:00,3.8917609884883206,3.9290385362929294,3.884305692230425,3.9141275882720947,1960800,0.0,0.0
2014-03-21 00:00:00-04:00,3.891760584801078,3.9066715312752196,3.809750556945801,3.809750556945801,3165000,0.0,0.0
2014-03-24 00:00:00-04:00,3.899216813301339,3.9290387106665263,3.8768502125249196,3.921583414077759,1923000,0.0,0.0
2014-03-25 00:00:00-04:00,3.921583353223749,3.943949598148037,3.832117307011437,3.8470282554626465,4927400,0.0,0.0
2014-03-26 00:00:00-04:00,3.757562410393595,3.7650180620654465,3.7351961663881195,3.7426514625549316,14548500,0.0,0.0
2014-03-27 00:00:00-04:00,3.7873842075309185,3.794839859008789,3.7650179641073667,3.794839859008789,2388000,0.0,0.0
2014-03-28 00:00:00-04:00,3.7426518874367534,3.7724737864995896,3.712829988373917,3.735196590423584,3089200,0.0,0.0
2014-03-31 00:00:00-04:00,3.7501070166566555,3.794839859008789,3.7351960692059443,3.794839859008789,4261100,0.0,0.0
2014-04-01 00:00:00-04:00,3.8172056674957275,3.8321166132474693,3.802294721743986,3.8172056674957275,2886300,0.0,0.0
2014-04-02 00:00:00-04:00,3.839572462778725,3.884305302351263,3.832116811764132,3.87684965133667,2703000,0.0,0.0
2014-04-03 00:00:00-04:00,3.8395724498940846,3.8470277453786523,3.8022949059562268,3.809750556945801,1929100,0.0,0.0
2014-04-04 00:00:00-04:00,3.876850340093286,3.8843059924324415,3.8395731449127193,3.8395731449127197,2107600,0.0,0.0
2014-04-07 00:00:00-04:00,3.787383990018067,3.787383990018067,3.7501068012846663,3.7650177478790283,1270400,0.0,0.0
2014-04-08 00:00:00-04:00,3.668096723361614,3.757562410393595,3.6531857755229504,3.7426514625549316,3685100,0.0,0.0
2014-04-09 00:00:00-04:00,3.772473473358055,3.82466197013855,3.7575625250643494,3.82466197013855,4975900,0.0,0.0
2014-04-10 00:00:00-04:00,3.809751338080675,3.8172066350938443,3.7277409379053354,3.735196590423584,2677400,0.0,0.0
2014-04-11 00:00:00-04:00,3.6680963137578377,3.690462555265752,3.6382744214106197,3.6531853675842285,2274900,0.0,0.0
2014-04-14 00:00:00-04:00,3.6457297167449245,3.675551609092143,3.6233634752370105,3.6531853675842285,2039200,0.0,0.0
2014-04-15 00:00:00-04:00,3.6159093541235974,3.6159093541235974,3.5488102457082915,3.6009984016418457,3553800,0.0,0.0
2014-04-16 00:00:00-04:00,3.6457311635029477,3.697919673573368,3.6382758652101104,3.6904640197753906,1257200,0.0,0.0
2014-04-17 00:00:00-04:00,3.7873843060709222,3.7873843060709222,3.7426514625549316,3.7426514625549316,5077400,0.0,0.0
2014-04-21 00:00:00-04:00,3.7575631141662598,3.7724740647976693,3.74265216353485,3.7575631141662598,1049500,0.0,0.0
2014-04-22 00:00:00-04:00,3.7575630718426556,3.824662526680771,3.7501077743634768,3.8022959232330322,3715600,0.0,0.0
2014-04-23 00:00:00-04:00,3.7799296752903944,3.8022959232330322,3.7650187248269353,3.8022959232330322,2093400,0.0,0.0
2014-04-24 00:00:00-04:00,3.8022949059562268,3.817205852430369,3.7724730130079434,3.809750556945801,1393300,0.0,0.0
2014-04-25 00:00:00-04:00,3.7799299424516675,3.794840893969016,3.7575633374230817,3.7724742889404297,1849000,0.0,0.0
2014-04-28 00:00:00-04:00,3.757562410393595,3.77992900990411,3.7128295668776046,3.7426514625549316,1333100,0.0,0.0
2014-04-29 00:00:00-04:00,3.772473323918667,3.8022952193247406,3.772473323918667,3.787384271621704,1327100,0.0,0.0
2014-04-30 00:00:00-04:00,3.824661946447049,3.854483842849732,3.8172062945938547,3.8544838428497314,1699600,0.0,0.0
2014-05-01 00:00:00-04:00,4.018504344843534,4.063237190246582,3.996138099894537,4.063237190246582,4406500,0.0,0.0
2014-05-02 00:00:00-04:00,4.040871484083693,4.137792839799083,4.033415831103232,4.122881889343262,8173200,0.0,0.0
2014-05-05 00:00:00-04:00,4.093059087181947,4.100514739168315,4.048326241778899,4.063237190246582,1869800,0.0,0.0
2014-05-06 00:00:00-04:00,4.0259610045510765,4.033416302898495,3.996139100151117,4.003594398498535,1475600,0.0,0.0
2014-05-07 00:00:00-04:00,3.9514051243450536,3.9588604205808147,3.899216628674557,3.9290385246276855,2945500,0.0,0.0
2014-05-08 00:00:00-04:00,3.943949484313764,3.9663160840975378,3.906671936509156,3.9141275882720947,2827300,0.0,0.0
2014-05-09 00:00:00-04:00,3.9141271851725925,3.9141271851725925,3.861938694721822,3.8917605876922607,2131100,0.0,0.0
2014-05-12 00:00:00-04:00,3.9141282238548074,3.936494827270508,3.906672570881207,3.936494827270508,1038400,0.0,0.0
2014-05-13 00:00:00-04:00,3.876850040467486,3.9215832400350337,3.8619390924466512,3.9141275882720947,1429200,0.0,0.0
2014-05-14 00:00:00-04:00,3.884305302351263,3.9215828464142146,3.8768496513366695,3.87684965133667,1841000,0.0,0.0
2014-05-15 00:00:00-04:00,3.794839651428656,3.794839651428656,3.7053736161132087,3.7501068115234375,2989900,0.0,0.0
2014-05-16 00:00:00-04:00,3.7277409379053354,3.7426518874367534,3.7053743358556686,3.735196590423584,1831700,0.0,0.0
2014-05-19 00:00:00-04:00,3.720284552590933,3.7650177478790283,3.7128292570462564,3.7650177478790283,1706100,0.0,0.0
2014-05-20 00:00:00-04:00,3.79483992322574,3.8022952193247406,3.772473323918667,3.787384271621704,1699700,0.0,0.0
2014-05-21 00:00:00-04:00,3.7650180278196665,3.79483992322574,3.7575623762156303,3.787384271621704,1553100,0.0,0.0
2014-05-22 00:00:00-04:00,3.79483942662061,3.8172056674957275,3.772472830240503,3.8172056674957275,1515000,0.0,0.0
2014-05-23 00:00:00-04:00,3.8395729589895686,3.8619392039138565,3.8172063585602274,3.8470282554626465,1878200,0.0,0.0
2014-05-27 00:00:00-04:00,3.8992166402512596,3.9215832400350337,3.884305692230425,3.9141275882720947,3201200,0.0,0.0
2014-05-28 00:00:00-04:00,3.914127091886431,3.9514046349635388,3.8992161457565873,3.943948984146118,2601400,0.0,0.0
2014-05-29 00:00:00-04:00,3.906671480391146,3.9141271312836112,3.884305238723755,3.884305238723755,2544100,0.0,0.0
2014-05-30 00:00:00-04:00,3.891761161207513,3.9290387106665263,3.891761161207513,3.921583414077759,1732100,0.0,0.0
2014-06-02 00:00:00-04:00,3.9290390806045115,3.9290390806045115,3.8917615276356368,3.906672477722168,1142200,0.0,0.0
2014-06-03 00:00:00-04:00,3.869394282595393,3.8992161750793457,3.8619386317219044,3.8992161750793457,1233200,0.0,0.0
2014-06-04 00:00:00-04:00,3.9215832283919245,3.936494176368489,3.906671924910318,3.9290385246276855,1650100,0.0,0.0
2014-06-05 00:00:00-04:00,3.9737717325084048,3.9961383342742915,3.9514054862475922,3.996138334274292,1789100,0.0,0.0
2014-06-06 00:00:00-04:00,4.033415293311217,4.085603790700633,4.0259599968299025,4.063237190246582,2031600,0.0,0.0
2014-06-09 00:00:00-04:00,3.996137933215598,3.996137933215598,3.9588603858487112,3.973771333694458,2290400,0.0,0.0
2014-06-10 00:00:00-04:00,3.966316448527829,3.9961383473095733,3.943949846688983,3.981227397918701,22150300,0.0,0.0
2014-06-11 00:00:00-04:00,3.996138048179215,4.070692789552791,3.9812270999045,4.055781841278076,27853400,0.0,0.0
2014-06-12 00:00:00-04:00,4.055781918123782,4.063237214649872,4.0185043689781645,4.0334153175354,23289000,0.0,0.0
2014-06-13 00:00:00-04:00,3.988682773546064,3.996138426141115,3.951405577086057,3.9588608741760254,1883200,0.0,0.0
2014-06-16 00:00:00-04:00,3.9290391742969075,3.9439501247390076,3.9141282238548074,3.936494827270508,1609000,0.0,0.0
2014-06-17 00:00:00-04:00,3.9215842589753107,4.025960922241211,3.9215842589753107,4.025960922241211,12808500,0.0,0.0
2014-06-18 00:00:00-04:00,3.981227423632977,4.018504619598389,3.958860821649668,4.018504619598389,6873000,0.0,0.0
2014-06-19 00:00:00-04:00,3.988682681850638,4.011049283616525,3.9737717325084048,3.996138334274292,8870200,0.0,0.0
2014-06-20 00:00:00-04:00,3.951405136076703,3.958860432334599,3.9141275882720947,3.9141275882720947,2813400,0.0,0.0
2014-06-23 00:00:00-04:00,3.884305552378135,3.8992164998621095,3.847028005915684,3.861938953399658,2607000,0.0,0.0
2014-06-24 00:00:00-04:00,3.824662526680771,3.83957347714423,3.7948406257538534,3.8022959232330322,2603900,0.0,0.0
2014-06-25 00:00:00-04:00,3.8022954101090174,3.847028255462647,3.787384461657808,3.8470282554626465,3068500,0.0,0.0
2014-06-26 00:00:00-04:00,3.8917605341112185,3.899216185003683,3.854483346163899,3.884305238723755,2676500,0.0,0.0
2014-06-27 00:00:00-04:00,3.8619391391978786,3.87685008739922,3.8470281909965376,3.8544838428497314,1622900,0.0,0.0
2014-06-30 00:00:00-04:00,3.8246617846557043,3.8470280282590528,3.8172061331179,3.8321170806884766,1839800,0.0,0.0
2014-07-01 00:00:00-04:00,3.906672477722168,3.91412813051798,3.8917615276356368,3.906672477722168,2125700,0.0,0.0
2014-07-02 00:00:00-04:00,3.906671936509156,3.9290385362929294,3.906671936509156,3.9141275882720947,1169000,0.0,0.0
2014-07-03 00:00:00-04:00,3.9364945626833565,3.9663164615631104,3.92903891021088,3.9663164615631104,2085500,0.0,0.0
2014-07-07 00:00:00-04:00,3.8768502125249196,3.9215834140777592,3.869394915936152,3.921583414077759,4562700,0.0,0.0
2014-07-08 00:00:00-04:00,3.8395727663348507,3.8470280624338513,3.787384271621704,3.787384271621704,2974800,0.0,0.0
2014-07-09 00:00:00-04:00,3.7724732600802073,3.8022951549816297,3.7650179641073667,3.794839859008789,1891200,0.0,0.0
2014-07-10 00:00:00-04:00,3.7202848292055206,3.79483992322574,3.71282953310652,3.787384271621704,2282100,0.0,0.0
2014-07-11 00:00:00-04:00,3.765018990934319,3.77247428894043,3.7277414343883843,3.7724742889404297,2229400,0.0,0.0
2014-07-14 00:00:00-04:00,3.802295166142401,3.8097508176421555,3.7724732711534434,3.7799289226531982,1635000,0.0,0.0
2014-07-15 00:00:00-04:00,3.8097508064595003,3.8097508064595003,3.7650179641073667,3.794839859008789,1858900,0.0,0.0
2014-07-16 00:00:00-04:00,3.832117242795196,3.8619391391978786,3.824661946447049,3.8544838428497314,1567400,0.0,0.0
2014-07-17 00:00:00-04:00,3.7873843060709222,3.809750905581437,3.7426514625549316,3.7426514625549316,2070200,0.0,0.0
2014-07-18 00:00:00-04:00,3.7501070801166296,3.8022952193247406,3.7426514285125934,3.787384271621704,2606100,0.0,0.0
2014-07-21 00:00:00-04:00,3.757562410393595,3.757562410393595,3.720284863044417,3.7426514625549316,2383500,0.0,0.0
2014-07-22 00:00:00-04:00,3.7501068012846663,3.7799286944733903,3.742651150234981,3.7650177478790283,1063600,0.0,0.0
2014-07-23 00:00:00-04:00,3.7948398701476767,3.802295166142401,3.7724732711534434,3.7799289226531982,1018900,0.0,0.0
2014-07-24 00:00:00-04:00,3.779928911558078,3.794839859008789,3.7575623126294966,3.794839859008789,2240500,0.0,0.0
2014-07-25 00:00:00-04:00,3.8395728946483905,3.854483842849732,3.8172062945938547,3.8544838428497314,2421400,0.0,0.0
2014-07-28 00:00:00-04:00,3.832117242795196,3.854483842849732,3.787384398191172,3.8544838428497314,1903700,0.0,0.0
2014-07-29 00:00:00-04:00,3.8693943558270836,3.884305302351263,3.8470277582883114,3.87684965133667,1510500,0.0,0.0
2014-07-30 00:00:00-04:00,3.8992161750793457,3.9141271213213225,3.869394282595393,3.8992161750793457,3207200,0.0,0.0
2014-07-31 00:00:00-04:00,3.7650180620654465,3.7948399577427736,3.7426514625549316,3.7426514625549316,2288400,0.0,0.0
2014-08-01 00:00:00-04:00,3.742651538778292,3.757562486920634,3.7053739906699144,3.720284938812256,2087300,0.0,0.0
2014-08-04 00:00:00-04:00,3.772473053723542,3.779928704793583,3.7053736161132087,3.7501068115234375,1656500,0.0,0.0
2014-08-05 00:00:00-04:00,3.727740626498277,3.735196278393697,3.6680968333551127,3.6755521297454834,1961300,0.0,0.0
2014-08-06 00:00:00-04:00,3.645730245055506,3.675552141724279,3.645730245055506,3.6606411933898926,1580400,0.0,0.0
2014-08-07 00:00:00-04:00,3.675551935902178,3.675551935902178,3.615908145904541,3.615908145904541,1768400,0.0,0.0
2014-08-08 00:00:00-04:00,3.6382749367835303,3.6755521297454834,3.6382749367835303,3.6755521297454834,1756900,0.0,0.0
2014-08-11 00:00:00-04:00,3.6904630780312746,3.705374026317066,3.6755521297454834,3.6755521297454834,1136200,0.0,0.0
2014-08-12 00:00:00-04:00,3.697918176651001,3.712829122705844,3.683007230596158,3.697918176651001,1249500,0.0,0.0
2014-08-13 00:00:00-04:00,3.712829122705844,3.7202844179807673,3.6904625258710815,3.697918176651001,1539200,0.0,0.0
2014-08-14 00:00:00-04:00,3.712829122705844,3.7202844179807673,3.6904625258710815,3.697918176651001,946500,0.0,0.0
2014-08-15 00:00:00-04:00,3.7277410822093198,3.7426520323179533,3.6904635291851893,3.7053744792938232,1089700,0.0,0.0
2014-08-18 00:00:00-04:00,3.720285285387087,3.735196590423584,3.712829988373917,3.735196590423584,923100,0.0,0.0
2014-08-19 00:00:00-04:00,3.7351961663881195,3.750107114226783,3.727740514716268,3.7426514625549316,1001900,0.0,0.0
2014-08-20 00:00:00-04:00,3.74265216353485,3.7650187672345172,3.735196865971698,3.7575631141662598,811200,0.0,0.0
2014-08-21 00:00:00-04:00,3.742652385905733,3.7873852404577786,3.735197087899622,3.7724742889404297,1341600,0.0,0.0
2014-08-22 00:00:00-04:00,3.787384421651761,3.832117266532878,3.787384421651761,3.82466197013855,2425100,0.0,0.0
2014-08-25 00:00:00-04:00,3.8395723998839713,3.8917605341112185,3.8395723998839713,3.884305238723755,2207000,0.0,0.0
2014-08-26 00:00:00-04:00,3.824662195739479,3.8470284417468044,3.817206543400323,3.8395731449127197,7277000,0.0,0.0
2014-08-27 00:00:00-04:00,3.8470284417468044,3.85448409408596,3.817206543400323,3.8395731449127197,1580100,0.0,0.0
2014-08-28 00:00:00-04:00,3.817206102432341,3.832117049883052,3.794839859008789,3.794839859008789,1739300,0.0,0.0
2014-08-29 00:00:00-04:00,3.8172063182391724,3.832117266532878,3.7948400735511383,3.82466197013855,1173200,0.0,0.0
2014-09-02 00:00:00-04:00,3.735196242459644,3.742651538778292,3.6979186943512663,3.720284938812256,2017000,0.0,0.0
2014-09-03 00:00:00-04:00,3.742651538778292,3.750107190601986,3.6979186943512663,3.720284938812256,1830200,0.0,0.0
2014-09-04 00:00:00-04:00,3.705374026317066,3.727740626498277,3.6680968333551127,3.6755521297454834,1601100,0.0,0.0
2014-09-05 00:00:00-04:00,3.6531858969752244,3.6606411933898926,3.638274948640838,3.6606411933898926,1453300,0.0,0.0
2014-09-08 00:00:00-04:00,3.5040762424468994,3.5264428438775273,3.4891652933281705,3.5040762424468994,4257300,0.0,0.0
2014-09-09 00:00:00-04:00,3.5711758270049585,3.5786314796003116,3.556264877319336,3.556264877319336,2255200,0.0,0.0
2014-09-10 00:00:00-04:00,3.5637211981900427,3.6159093541235974,3.5488102457082915,3.6009984016418457,2066700,0.0,0.0
2014-09-11 00:00:00-04:00,3.63081909340395,3.63081909340395,3.6084528499073514,3.615908145904541,1578000,0.0,0.0
2014-09-12 00:00:00-04:00,3.6531858969752244,3.668096845309611,3.638274948640838,3.6606411933898926,2144600,0.0,0.0
2014-09-15 00:00:00-04:00,3.6159093541235974,3.6233650081170476,3.586087449160095,3.6009984016418457,1729900,0.0,0.0
2014-09-16 00:00:00-04:00,3.5711757228933587,3.6159085706461167,3.5637204260204354,3.6084532737731934,2279000,0.0,0.0
2014-09-17 00:00:00-04:00,3.6755525548668007,3.697919157634975,3.653186307603716,3.6680972576141357,3337900,0.0,0.0
2014-09-18 00:00:00-04:00,3.7351958648883645,3.757562107088469,3.727740213818323,3.7501068115234375,2533900,0.0,0.0
2014-09-19 00:00:00-04:00,3.772473043423705,3.7948396410677527,3.742651150234981,3.7650177478790283,2407400,0.0,0.0
2014-09-22 00:00:00-04:00,3.742651160453396,3.772473053723542,3.7351958648883645,3.7501068115234375,2075800,0.0,0.0
2014-09-23 00:00:00-04:00,3.7053744792938232,3.7128301321006862,3.683008231883419,3.7053744792938232,16860200,0.0,0.0
2014-09-24 00:00:00-04:00,3.6979186943512663,3.7202849388122563,3.6830077462089243,3.720284938812256,1601000,0.0,0.0
2014-09-25 00:00:00-04:00,3.7501068115234375,3.757562107088469,3.727740213818323,3.7501068115234375,3232000,0.0,0.0
2014-09-26 00:00:00-04:00,3.7501070276642405,3.7799289226531982,3.727740428670007,3.7799289226531982,1831200,0.0,0.0
2014-09-29 00:00:00-04:00,3.727740213818323,3.76501775815851,3.7202845627482817,3.7501068115234375,1922900,0.0,0.0
2014-09-30 00:00:00-04:00,3.7650187672345172,3.7724740647976693,3.735196865971698,3.7575631141662598,1326200,0.0,0.0
2014-10-01 00:00:00-04:00,3.757562410393595,3.7650180620654465,3.7128295668776046,3.7426514625549316,16021800,0.0,0.0
2014-10-02 00:00:00-04:00,3.712829678212486,3.720284974602857,3.623363988497739,3.6755521297454834,2628100,0.0,0.0
2014-10-03 00:00:00-04:00,3.712829828262329,3.7351964293474618,3.705374176065597,3.712829828262329,2649400,0.0,0.0
2014-10-06 00:00:00-04:00,3.712829828262329,3.72774077715073,3.6830079304855285,3.712829828262329,22445400,0.0,0.0
2014-10-07 00:00:00-04:00,3.6830080200277897,3.6830080200277897,3.6084532737731934,3.6084532737731934,14074600,0.0,0.0
2014-10-08 00:00:00-04:00,3.6233641595916253,3.6830079555511475,3.586086609364391,3.6830079555511475,12184800,0.0,0.0
2014-10-09 00:00:00-04:00,3.6382752920376578,3.668097191521156,3.5338982883403287,3.541353940963745,9043900,0.0,0.0
2014-10-10 00:00:00-04:00,3.5786308456469644,3.6009970884606846,3.518986701965332,3.518986701965332,3444700,0.0,0.0
2014-10-13 00:00:00-04:00,3.5711761473052777,3.5935427515923237,3.5264432942363007,3.5338985919952393,2457700,0.0,0.0
2014-10-14 00:00:00-04:00,3.556264336407922,3.586086231243227,3.5413533889902693,3.5637199878692627,3846500,0.0,0.0
2014-10-15 00:00:00-04:00,3.541353792996256,3.548809445308155,3.4146105477345263,3.5040762424468994,4258700,0.0,0.0
2014-10-16 00:00:00-04:00,3.3773331573055003,3.466798846842124,3.369877505424924,3.459343194961548,3622800,0.0,0.0
2014-10-17 00:00:00-04:00,3.541353927633713,3.5786314796003116,3.5264429779480904,3.556264877319336,3011700,0.0,0.0
2014-10-20 00:00:00-04:00,3.571175303406313,3.615908145904541,3.571175303406313,3.615908145904541,1649500,0.0,0.0
2014-10-21 00:00:00-04:00,3.623363988497739,3.6755521297454834,3.623363988497739,3.6755521297454834,2469900,0.0,0.0
2014-10-22 00:00:00-04:00,3.6308203066053486,3.6457312590871,3.600998401641846,3.6009984016418457,3272200,0.0,0.0
2014-10-23 00:00:00-04:00,3.6382747337394687,3.66064097716742,3.623363786285825,3.630819082260132,2316900,0.0,0.0
2014-10-24 00:00:00-04:00,3.653186057571386,3.6904632522935543,3.645730405323913,3.6830079555511475,1815300,0.0,0.0
2014-10-27 00:00:00-04:00,3.5637211981900427,3.6159093541235974,3.556265544196592,3.6009984016418457,3248000,0.0,0.0
2014-10-28 00:00:00-04:00,3.5338979859613078,3.571175534878558,3.511531741015,3.548809289932251,2412900,0.0,0.0
2014-10-29 00:00:00-04:00,3.548809289932251,3.586086483344448,3.518987037495418,3.548809289932251,1753700,0.0,0.0
2014-10-30 00:00:00-04:00,3.5413539144149966,3.5935424158724154,3.5338982618474732,3.5711758136749268,1660600,0.0,0.0
2014-10-31 00:00:00-04:00,3.615908754825122,3.6755525548668007,3.615908754825122,3.6680972576141357,1749600,0.0,0.0
2014-11-03 00:00:00-05:00,3.645730935953598,3.6531865892862285,3.6233646869659424,3.6233646869659424,2362200,0.0,0.0
2014-11-04 00:00:00-05:00,3.6308195460943753,3.6457304954528813,3.608453299809154,3.645730495452881,1585400,0.0,0.0
2014-11-05 00:00:00-05:00,3.6606411933898926,3.675552141724279,3.645730245055506,3.6606411933898926,1329900,0.0,0.0
2014-11-06 00:00:00-05:00,3.623363755232147,3.6382747025579985,3.578630913254593,3.5935418605804443,2218800,0.0,0.0
2014-11-07 00:00:00-05:00,3.578630913254593,3.5935418605804443,3.5637199659287417,3.5935418605804443,2511900,0.0,0.0
2014-11-10 00:00:00-05:00,3.593543103153545,3.6159093541235974,3.586087449160095,3.6009984016418457,1162500,0.0,0.0
2014-11-11 00:00:00-05:00,3.6084532737731934,3.6084532737731934,3.5860866721442783,3.6084532737731934,1083800,0.0,0.0
2014-11-12 00:00:00-05:00,3.5637202383981403,3.571175534878558,3.5413536379467794,3.548809289932251,1325300,0.0,0.0
2014-11-13 00:00:00-05:00,3.54880956698252,3.586086763304892,3.54880956698252,3.5711758136749268,1887600,0.0,0.0
2014-11-14 00:00:00-05:00,3.556264336407922,3.5786309352869154,3.556264336407922,3.5637199878692627,1733300,0.0,0.0
2014-11-17 00:00:00-05:00,3.5637204517036314,3.6084532997787724,3.5637204517036314,3.5786314010620117,1653800,0.0,0.0
2014-11-18 00:00:00-05:00,3.6159093541235974,3.638275960598799,3.600998401641846,3.6009984016418457,2023400,0.0,0.0
2014-11-19 00:00:00-05:00,3.6457297167449245,3.6680963137578377,3.6308187705713153,3.6531853675842285,2248100,0.0,0.0
2014-11-20 00:00:00-05:00,3.6382756381260855,3.6531865892862285,3.6084537358057998,3.6233646869659424,2566300,0.0,0.0
2014-11-21 00:00:00-05:00,3.66064097716742,3.668096628646757,3.623363786285825,3.630819082260132,2549400,0.0,0.0
2014-11-24 00:00:00-05:00,3.6680970065612666,3.6830079555511475,3.6680970065612666,3.6830079555511475,2098800,0.0,0.0
2014-11-25 00:00:00-05:00,3.6904640197753906,3.7277415777549967,3.6904640197753906,3.6904640197753906,2548100,0.0,0.0
2014-11-26 00:00:00-05:00,3.7202849388122563,3.735196242459644,3.7053739906699144,3.720284938812256,2786900,0.0,0.0
2014-11-28 00:00:00-05:00,3.735196242459644,3.750107190601986,3.7202849388122563,3.720284938812256,976800,0.0,0.0
2014-12-01 00:00:00-05:00,3.705374176065597,3.7202851249539974,3.690463227177197,3.712829828262329,2044500,0.0,0.0
2014-12-02 00:00:00-05:00,3.735196242459644,3.750107190601986,3.7202849388122563,3.720284938812256,2595000,0.0,0.0
2014-12-03 00:00:00-05:00,3.735196735016183,3.7426520323179533,3.6904635291851893,3.7053744792938232,2269900,0.0,0.0
2014-12-04 00:00:00-05:00,3.697918879373929,3.72774077715073,3.6830079304855285,3.712829828262329,2418700,0.0,0.0
2014-12-05 00:00:00-05:00,3.735196590423584,3.7575628369681717,3.7277409379053354,3.735196590423584,1922800,0.0,0.0
2014-12-08 00:00:00-05:00,3.7426520323179533,3.757562982426587,3.6979191819920527,3.7053744792938232,2924600,0.0,0.0
2014-12-09 00:00:00-05:00,3.6755525548668007,3.6755525548668007,3.6382753575932965,3.6680972576141357,3138800,0.0,0.0
2014-12-10 00:00:00-05:00,3.675551935902178,3.675551935902178,3.615908145904541,3.615908145904541,3134400,0.0,0.0
2014-12-11 00:00:00-05:00,3.6308203066053486,3.660642211568851,3.593543103153545,3.6009984016418457,2250100,0.0,0.0
2014-12-12 00:00:00-05:00,3.6009978487035905,3.6233644517443686,3.489165544509888,3.4891655445098877,3695100,0.0,0.0
2014-12-15 00:00:00-05:00,3.5189865129857636,3.533897459229157,3.4220655401562095,3.444431781768799,4369800,0.0,0.0
2014-12-16 00:00:00-05:00,3.4891657389262623,3.608453702615316,3.4742547879032695,3.5338985919952393,3378700,0.0,0.0
2014-12-17 00:00:00-05:00,3.556264676363104,3.571175625206144,3.466798983304865,3.5115318298339844,4361800,0.0,0.0
2014-12-18 00:00:00-05:00,3.4891654523597357,3.5338983017547867,3.4817101552131033,3.5264430046081543,3529300,0.0,0.0
2014-12-19 00:00:00-05:00,3.5264432942363007,3.5562651962822853,3.4966213921903155,3.5338985919952393,4439500,0.0,0.0
2014-12-22 00:00:00-05:00,3.563720543328911,3.563720543328911,3.5338982883403287,3.541353940963745,2212000,0.0,0.0
2014-12-23 00:00:00-05:00,3.5264423532399185,3.5488089515586583,3.518986701965332,3.518986701965332,2548700,0.0,0.0
2014-12-24 00:00:00-05:00,3.5338983017547867,3.5562649042048546,3.5264430046081543,3.5264430046081543,775500,0.0,0.0
2014-12-26 00:00:00-05:00,3.5264432942363007,3.5562651962822853,3.5264432942363007,3.5338985919952393,1280200,0.0,0.0
2014-12-29 00:00:00-05:00,3.489165003367504,3.5264425508189783,3.489165003367504,3.4966206550598145,2018300,0.0,0.0
2014-12-30 00:00:00-05:00,3.50407644274543,3.50407644274543,3.4667992455703196,3.481710195541382,1411400,0.0,0.0
2014-12-31 00:00:00-05:00,3.496620743354332,3.5040760397298594,3.45188789858602,3.459343194961548,1667600,0.0,0.0
2015-01-02 00:00:00-05:00,3.4966218806535068,3.504077179453919,3.451889021335539,3.4667999744415283,1313200,0.0,0.0
2015-01-05 00:00:00-05:00,3.399699473972096,3.407155126010647,3.3475109762174053,3.369877576828003,1982100,0.0,0.0
2015-01-06 00:00:00-05:00,3.317688923726272,3.33259987160013,3.243134184356981,3.265500783920288,2319600,0.0,0.0
2015-01-07 00:00:00-05:00,3.287867081003126,3.2953227328128145,3.2505898884698183,3.272956132888794,2024800,0.0,0.0
2015-01-08 00:00:00-05:00,3.2878669936572336,3.332599836811852,3.2878669936572336,3.3102335929870605,1805600,0.0,0.0
2015-01-09 00:00:00-05:00,3.302778720855713,3.317689672093014,3.280412471752321,3.302778720855713,1903500,0.0,0.0
2015-01-12 00:00:00-05:00,3.2953227210274094,3.317688965366394,3.2804117729664046,3.2878670692443848,1789100,0.0,0.0
2015-01-13 00:00:00-05:00,3.3251446171494186,3.340055565210423,3.2580451731223756,3.2878670692443848,1975700,0.0,0.0
2015-01-14 00:00:00-05:00,3.280411708861849,3.3027779527637615,3.2580451094549,3.2953226566314697,2057500,0.0,0.0
2015-01-15 00:00:00-05:00,3.3102335929870605,3.3400554884234728,3.2953226452688544,3.3102335929870605,2769400,0.0,0.0
2015-01-16 00:00:00-05:00,3.3251439719321314,3.3624215126037598,3.3251439719321314,3.3624215126037598,2397000,0.0,0.0
2015-01-20 00:00:00-05:00,3.4146096617448474,3.4369762573720086,3.392243421622663,3.429520606994629,3868000,0.0,0.0
2015-01-21 00:00:00-05:00,3.3624227418450565,3.3922446430827202,3.34751143572112,3.384788990020752,2067900,0.0,0.0
2015-01-22 00:00:00-05:00,3.3847886737539317,3.414610572205106,3.3624224276680867,3.4071552753448486,2475500,0.0,0.0
2015-01-23 00:00:00-05:00,3.362422118024232,3.377333065876677,3.347510814666748,3.347510814666748,2013800,0.0,0.0
2015-01-26 00:00:00-05:00,3.3773329568015162,3.4369767462850263,3.362422009430639,3.4146101474761963,1469200,0.0,0.0
2015-01-27 00:00:00-05:00,3.3847882108065015,3.4146101051788476,3.377332914965926,3.3922438621520996,1502000,0.0,0.0
2015-01-28 00:00:00-05:00,3.3773330354715054,3.3847883315780907,3.3102335929870605,3.3102335929870605,2831900,0.0,0.0
2015-01-29 00:00:00-05:00,3.340054917099788,3.3624215126037598,3.3251439719321314,3.3624215126037598,2002100,0.0,0.0
2015-01-30 00:00:00-05:00,3.325144629041479,3.3325999253461225,3.272956132888794,3.272956132888794,1903600,0.0,0.0
2015-02-02 00:00:00-05:00,3.2580451094549,3.3027779527637615,3.2580451094549,3.2953226566314697,2875800,0.0,0.0
2015-02-03 00:00:00-05:00,3.34005582607717,3.429521521430693,3.3326001737118407,3.4071552753448486,3629900,0.0,0.0
2015-02-04 00:00:00-05:00,3.3549666527979434,3.392244202253277,3.3400557041168213,3.3400557041168213,2451000,0.0,0.0
2015-02-05 00:00:00-05:00,3.3996993616860185,3.444432205924711,3.3922440653987587,3.436976909637451,1496800,0.0,0.0
2015-02-06 00:00:00-05:00,3.429521094847074,3.451887693655904,3.399699200105319,3.4146101474761963,1466000,0.0,0.0
2015-02-09 00:00:00-05:00,3.377333164215088,3.399699408892478,3.3698775123192584,3.377333164215088,1095200,0.0,0.0
2015-02-10 00:00:00-05:00,3.3922438621520996,3.4071548093382726,3.369877263620328,3.3922438621520996,1650000,0.0,0.0
2015-02-11 00:00:00-05:00,3.3549665640326487,3.377333164215088,3.347510912136819,3.377333164215088,1130900,0.0,0.0
2015-02-12 00:00:00-05:00,3.414610637468343,3.414610637468343,3.3847887384471846,3.3996996879577637,4763000,0.0,0.0
2015-02-13 00:00:00-05:00,3.3996987164950654,3.474253442743975,3.3996987164950654,3.429520606994629,7686700,0.0,0.0
2015-02-17 00:00:00-05:00,3.504076402158086,3.5338983017547867,3.4817101552131033,3.5264430046081543,2159000,0.0,0.0
2015-02-18 00:00:00-05:00,3.5488098985233463,3.563720849546339,3.5338985919952393,3.5338985919952393,1680800,0.0,0.0
2015-02-19 00:00:00-05:00,3.5338983017547867,3.5488096070582222,3.5115320548098037,3.5264430046081543,1002800,0.0,0.0
2015-02-20 00:00:00-05:00,3.5488102457082915,3.600998401641846,3.5264436392330896,3.6009984016418457,1709200,0.0,0.0
2015-02-23 00:00:00-05:00,3.615908348386733,3.6606411933898926,3.608453051972065,3.6606411933898926,4151000,0.0,0.0
2015-02-24 00:00:00-05:00,3.6308195460943753,3.6680970972431775,3.62336424916766,3.645730495452881,5103800,0.0,0.0
2015-02-25 00:00:00-05:00,3.6531861478846714,3.6680970972431775,3.6308195460943753,3.645730495452881,4096600,0.0,0.0
2015-02-26 00:00:00-05:00,3.638275172275032,3.638275172275032,3.593542324522274,3.6084532737731934,1612600,0.0,0.0
2015-02-27 00:00:00-05:00,3.6531861215259513,3.6606414183988747,3.6084532737731934,3.6084532737731934,2818400,0.0,0.0
2015-03-02 00:00:00-05:00,3.653186817300925,3.697919673573368,3.6457311635029477,3.6904640197753906,3181100,0.0,0.0
2015-03-03 00:00:00-05:00,3.660641604856381,3.6680972576141357,3.6457306548459614,3.6680972576141357,2810200,0.0,0.0
2015-03-04 00:00:00-05:00,3.638274669647217,3.660640912681162,3.6084527752652744,3.638274669647217,1895100,0.0,0.0
2015-03-05 00:00:00-05:00,3.6531853384864723,3.697918176651001,3.645729687706553,3.697918176651001,1616600,0.0,0.0
2015-03-06 00:00:00-05:00,3.653185616838188,3.675551859872133,3.638274669647217,3.638274669647217,1541800,0.0,0.0
2015-03-09 00:00:00-04:00,3.638274669647217,3.660640912681162,3.6084527752652744,3.638274669647217,2679500,0.0,0.0
2015-03-10 00:00:00-04:00,3.5786318005693314,3.5935427515923237,3.5264432942363007,3.5338985919952393,1752300,0.0,0.0
2015-03-11 00:00:00-04:00,3.518987444894196,3.53389839508635,3.474254594317734,3.4891655445098877,2511600,0.0,0.0
2015-03-12 00:00:00-04:00,3.541354245259293,3.563720849546339,3.511532343213308,3.5338985919952393,5583000,0.0,0.0
2015-03-13 00:00:00-04:00,3.511531406195765,3.5264423532399185,3.4667985650633057,3.518986701965332,5995200,0.0,0.0
2015-03-16 00:00:00-04:00,3.5189873385985795,3.563720543328911,3.5115320414802467,3.541353940963745,3719800,0.0,0.0
2015-03-17 00:00:00-04:00,3.5115320414802467,3.5413539409637456,3.5040763888568303,3.541353940963745,2280800,0.0,0.0
2015-03-18 00:00:00-04:00,3.489164895275971,3.5786309352869154,3.4817095993196587,3.5637199878692627,1612100,0.0,0.0
2015-03-19 00:00:00-04:00,3.548809379694115,3.556264676363104,3.4966208809909443,3.5115318298339844,2360800,0.0,0.0
2015-03-20 00:00:00-04:00,3.578630954908533,3.615908145904541,3.5637200074091235,3.615908145904541,2550500,0.0,0.0
2015-03-23 00:00:00-04:00,3.608453299809154,3.6457304954528813,3.5935423504506483,3.645730495452881,4697700,0.0,0.0
2015-03-24 00:00:00-04:00,3.615909033633312,3.630819984793455,3.600998082473169,3.6233646869659424,5255800,0.0,0.0
2015-03-25 00:00:00-04:00,3.61590840877879,3.6233640608230315,3.578631215072754,3.5860865116119385,2562800,0.0,0.0
2015-03-26 00:00:00-04:00,3.571175813674927,3.5786314662424505,3.5413539144149966,3.5711758136749268,2407900,0.0,0.0
2015-03-27 00:00:00-04:00,3.5338985919952393,3.5488098985233463,3.5264432942363007,3.5338985919952393,1803400,0.0,0.0
2015-03-30 00:00:00-04:00,3.518987640972247,3.5488098985233463,3.511532343213308,3.5338985919952393,1710100,0.0,0.0
2015-03-31 00:00:00-04:00,3.489165492774368,3.5189873927164923,3.481710195541382,3.481710195541382,2196300,0.0,0.0
2015-04-01 00:00:00-04:00,3.5488096070582222,3.5637205568565724,3.518987351956436,3.5264430046081543,2809600,0.0,0.0
2015-04-02 00:00:00-04:00,3.546017349703396,3.5686032462513215,3.546017349703396,3.561074733734131,1045300,0.046,0.0
2015-04-06 00:00:00-04:00,3.5460178799501016,3.6137762977187045,3.5460178799501016,3.6062474250793457,1761300,0.0,0.0
2015-04-07 00:00:00-04:00,3.6062469173529044,3.6288331730946366,3.5987184047698975,3.5987184047698975,11325500,0.0,0.0
2015-04-08 00:00:00-04:00,3.6288331730946366,3.6363616856776435,3.5911895331905344,3.5987184047698975,2862500,0.0,0.0
2015-04-09 00:00:00-04:00,3.568603277206421,3.5761321487852724,3.5460173804625787,3.568603277206421,1949800,0.0,0.0
2015-04-10 00:00:00-04:00,3.5159022808074947,3.5309596635498606,3.5008448980651288,3.515902280807495,1293300,0.0,0.0
2015-04-13 00:00:00-04:00,3.5159030567655973,3.538488956365682,3.5008456707000732,3.5008456707000732,7378500,0.0,0.0
2015-04-14 00:00:00-04:00,3.56107482329442,3.5987184638161627,3.56107482329442,3.5836610794067383,2929700,0.0,0.0
2015-04-15 00:00:00-04:00,3.6062468895590265,3.636361657651667,3.5836609929877232,3.6213042736053467,2821700,0.0,0.0
2015-04-16 00:00:00-04:00,3.613776559785184,3.6514198487226017,3.6062476865998407,3.6438913345336914,3001000,0.0,0.0
2015-04-17 00:00:00-04:00,3.591189384460449,3.5987182557280017,3.5610746173829213,3.591189384460449,4725100,0.0,0.0
2015-04-20 00:00:00-04:00,3.553545951591526,3.583661079406738,3.5384885671821014,3.5836610794067383,2520700,0.0,0.0
2015-04-21 00:00:00-04:00,3.583661020607528,3.613775788932267,3.568603277448802,3.5987184047698975,2273500,0.0,0.0
2015-04-22 00:00:00-04:00,3.5761322975158696,3.5911896823034497,3.5535460408363133,3.576132297515869,3302100,0.0,0.0
2015-04-23 00:00:00-04:00,3.5686032499450495,3.6438905291730035,3.561074737420066,3.6213042736053467,1662400,0.0,0.0
2015-04-24 00:00:00-04:00,3.636361630669614,3.6740052700042725,3.6213042467350207,3.6740052700042725,3728400,0.0,0.0
2015-04-27 00:00:00-04:00,3.6213042425935678,3.643890497967803,3.6137757301330566,3.6137757301330566,2117200,0.0,0.0
2015-04-28 00:00:00-04:00,3.60624630270651,3.651418447494507,3.5836604098106597,3.651418447494507,1503000,0.0,0.0
2015-04-29 00:00:00-04:00,3.636361328922037,3.6664760942922814,3.6137754343925144,3.6288328170776367,2109500,0.0,0.0
2015-04-30 00:00:00-04:00,3.583660872189238,3.621304151537977,3.5761320009216853,3.591189384460449,2204900,0.0,0.0
2015-05-01 00:00:00-04:00,3.847165015403535,3.847165015403535,3.794463996919866,3.8245787620544434,4040900,0.0,0.0
2015-05-04 00:00:00-04:00,3.8245786485399984,3.862222283339106,3.8245786485399984,3.8546934127807617,1851900,0.0,0.0
2015-05-05 00:00:00-04:00,3.8245788538359387,3.847165107727051,3.801992958941153,3.847165107727051,11151900,0.0,0.0
2015-05-06 00:00:00-04:00,3.847165015403535,3.85469352718902,3.817050250268958,3.8245787620544434,6087600,0.0,0.0
2015-05-07 00:00:00-04:00,3.8095211982727046,3.824578580123731,3.7718779231432893,3.809521198272705,2332600,0.0,0.0
2015-05-08 00:00:00-04:00,4.088083085810838,4.095611956499325,4.035382426976679,4.073025703430176,5328300,0.0,0.0
2015-05-11 00:00:00-04:00,4.080555438995361,4.110670210139531,4.080555438995361,4.080555438995361,2122300,0.0,0.0
2015-05-12 00:00:00-04:00,4.133255868601654,4.140784740447998,4.118198483905334,4.140784740447998,2389100,0.0,0.0
2015-05-13 00:00:00-04:00,4.178427763332036,4.231128422471934,4.178427763332036,4.223599910736084,2838500,0.0,0.0
2015-05-14 00:00:00-04:00,4.238658219864107,4.253715605623985,4.216071961726094,4.24618673324585,6071600,0.0,0.0
2015-05-15 00:00:00-04:00,4.231128127473419,4.253714379098865,4.216070746055219,4.238656997680664,2356600,0.0,0.0
2015-05-18 00:00:00-04:00,4.178427514015869,4.193484895585449,4.163370132446289,4.163370132446289,2679400,0.0,0.0
2015-05-19 00:00:00-04:00,4.133255779145824,4.148313522512619,4.118198394775391,4.118198394775391,4911600,0.0,0.0
2015-05-20 00:00:00-04:00,4.118198098433055,4.140784352861597,4.110669586287765,4.133255481719971,2110500,0.0,0.0
2015-05-21 00:00:00-04:00,4.155841262163352,4.178427514015869,4.148312750876709,4.163370132446289,1744100,0.0,0.0
2015-05-22 00:00:00-04:00,4.148313911676121,4.148313911676121,4.118198781113719,4.125727653503418,844300,0.0,0.0
2015-05-26 00:00:00-04:00,4.073025999962494,4.080554871199112,4.0353827207684185,4.057968616485596,1446700,0.0,0.0
2015-05-27 00:00:00-04:00,4.05044096537267,4.0805557387288935,4.042912092535405,4.065498352050781,1272900,0.0,0.0
2015-05-28 00:00:00-04:00,4.050439809357341,4.073025703430176,4.035382426976679,4.073025703430176,1030300,0.0,0.0
2015-05-29 00:00:00-04:00,4.088083952283209,4.103141337855294,4.042911795566954,4.080555438995361,1127400,0.0,0.0
2015-06-01 00:00:00-04:00,4.0956130027771,4.110670389004366,4.065498230322565,4.0956130027771,1684000,0.0,0.0
2015-06-02 00:00:00-04:00,4.110670267720414,4.140785039286422,4.110670267720414,4.125727653503418,1381300,0.0,0.0
2015-06-03 00:00:00-04:00,4.118198098433055,4.1558417361485125,4.110669586287765,4.133255481719971,3355000,0.0,0.0
2015-06-04 00:00:00-04:00,4.095613125407005,4.103141639247853,4.05044096537267,4.065498352050781,1550300,0.0,0.0
2015-06-05 00:00:00-04:00,4.012796760378415,4.042911529541016,3.9977393757971145,4.042911529541016,2173000,0.0,0.0
2015-06-08 00:00:00-04:00,4.035382656330393,4.035382656330393,3.997739018741081,4.012796401977539,1689200,0.0,0.0
2015-06-09 00:00:00-04:00,4.020325632167248,4.050440401329849,3.990210863004647,4.042911529541016,1963000,0.0,0.0
2015-06-10 00:00:00-04:00,4.05796820826994,4.125726606597922,4.0504396967869996,4.103140354156494,2851600,0.0,0.0
2015-06-11 00:00:00-04:00,4.103141010404957,4.125727266458788,4.0654977289770535,4.118198394775391,9070400,0.0,0.0
2015-06-12 00:00:00-04:00,4.080554460711369,4.133255118080863,4.065497078749185,4.103140354156494,2564500,0.0,0.0
2015-06-15 00:00:00-04:00,4.065498230322565,4.10314151639253,4.050440844095299,4.0956130027771,1460300,0.0,0.0
2015-06-16 00:00:00-04:00,4.065498053423276,4.095612824567446,4.057969181139039,4.080555438995361,2665600,0.0,0.0
2015-06-17 00:00:00-04:00,4.125727653503418,4.140785039286422,4.09561288193741,4.125727653503418,1881000,0.0,0.0
2015-06-18 00:00:00-04:00,4.125727355751678,4.148313612294342,4.125727355751678,4.140784740447998,1253100,0.0,0.0
2015-06-19 00:00:00-04:00,4.155842512728128,4.178428771377241,4.14078512662752,4.148313999176025,1749800,0.0,0.0
2015-06-22 00:00:00-04:00,4.178427514015869,4.185956025302512,4.155841262163352,4.163370132446289,1797500,0.0,0.0
2015-06-23 00:00:00-04:00,4.155842304229736,4.170899689574916,4.140784918884557,4.155842304229736,1149900,0.0,0.0
2015-06-24 00:00:00-04:00,4.1633713852766325,4.170899898828735,4.133256254079015,4.148313999176025,1318700,0.0,0.0
2015-06-25 00:00:00-04:00,4.185957163235578,4.193486035565204,4.163371264239483,4.178428649902344,1426700,0.0,0.0
2015-06-26 00:00:00-04:00,4.155842304229736,4.178428561745697,4.140784918884557,4.155842304229736,1098000,0.0,0.0
2015-06-29 00:00:00-04:00,4.10314049375725,4.125726746967129,4.042910963859328,4.050439834594727,2188400,0.0,0.0
2015-06-30 00:00:00-04:00,4.1031411288541815,4.118198513659291,4.042911589633744,4.088083744049072,2133600,0.0,0.0
2015-07-01 00:00:00-04:00,4.103140741694183,4.133255508462863,4.080554846115842,4.1106696128845215,1194300,0.0,0.0
2015-07-02 00:00:00-04:00,4.088083085810838,4.088083085810838,4.065497191738002,4.073025703430176,732100,0.0,0.0
2015-07-06 00:00:00-04:00,3.9751529122866653,3.9902102947235107,3.96009552984982,3.9902102947235107,1161400,0.0,0.0
2015-07-07 00:00:00-04:00,3.9751534768802546,3.997739374245255,3.914923579582067,3.9826819896698,2123200,0.0,0.0
2015-07-08 00:00:00-04:00,3.8697507256768104,3.8697507256768104,3.801992686845342,3.809521198272705,2167200,0.0,0.0
2015-07-09 00:00:00-04:00,3.899866402558209,3.914923787935021,3.8772805039911833,3.8848090171813965,1326500,0.0,0.0
2015-07-10 00:00:00-04:00,3.9676245744697116,3.9751534461975098,3.9450383182826805,3.9751534461975098,2981700,0.0,0.0
2015-07-13 00:00:00-04:00,4.012796609433103,4.027853993448005,3.9902107129089264,4.005268096923828,2047200,0.0,0.0
2015-07-14 00:00:00-04:00,4.027853849531799,4.065497487722214,4.02032533729152,4.057968616485596,1066100,0.0,0.0
2015-07-15 00:00:00-04:00,4.042910963859328,4.065497217069207,4.035382452120246,4.050439834594727,1792900,0.0,0.0
2015-07-16 00:00:00-04:00,4.065497078749185,4.103140354156494,4.065497078749185,4.103140354156494,1303200,0.0,0.0
2015-07-17 00:00:00-04:00,4.1106699710553585,4.148313612294342,4.1106699710553585,4.140784740447998,1345700,0.0,0.0
2015-07-20 00:00:00-04:00,4.133255010310835,4.170898643732932,4.118197628741254,4.163370132446289,3461600,0.0,0.0
2015-07-21 00:00:00-04:00,4.1558420351996554,4.1558420351996554,4.110669882088354,4.118198394775391,1463400,0.0,0.0
2015-07-22 00:00:00-04:00,4.110669586287765,4.140784352861597,4.1031407151461385,4.133255481719971,951300,0.0,0.0
2015-07-23 00:00:00-04:00,4.103141279093112,4.1106701512695265,4.0203258391308605,4.035383224487305,5360800,0.0,0.0
2015-07-24 00:00:00-04:00,4.027853571317467,4.042910953754312,3.9826814240069304,3.9902102947235107,1297000,0.0,0.0
2015-07-27 00:00:00-04:00,4.0052678898574765,4.027853785213996,3.997739018741081,4.012796401977539,11115600,0.0,0.0
2015-07-28 00:00:00-04:00,4.035382452120246,4.050439834594727,4.027853581384848,4.050439834594727,1863600,0.0,0.0
2015-07-29 00:00:00-04:00,4.065498352050781,4.0805557387288935,4.057969479213518,4.065498352050781,1003500,0.0,0.0
2015-07-30 00:00:00-04:00,4.088083085810838,4.088083085810838,4.057968321049515,4.073025703430176,1165100,0.0,0.0
2015-07-31 00:00:00-04:00,3.982682737697172,3.990211610897155,3.945039089690121,3.960096836090088,3871900,0.0,0.0
2015-08-03 00:00:00-04:00,3.9676231023955064,3.975151971329931,3.9073935869050307,3.9375083446502686,2685700,0.0,0.0
2015-08-04 00:00:00-04:00,3.914922530994089,3.914922530994089,3.884807769909232,3.89986515045166,1339900,0.0,0.0
2015-08-05 00:00:00-04:00,3.922452539863486,3.945038437738053,3.8998662829925457,3.914923667907715,1541900,0.0,0.0
2015-08-06 00:00:00-04:00,3.9224523322882305,3.9676244846432382,3.914923460730885,3.9525671005249023,3726500,0.0,0.0
2015-08-07 00:00:00-04:00,3.8697509765625,3.8772798474742793,3.839636210908031,3.8697509765625,4550400,0.0,0.0
2015-08-10 00:00:00-04:00,3.809521414127328,3.877279815794416,3.809521414127328,3.86222243309021,1516100,0.0,0.0
2015-08-11 00:00:00-04:00,3.8471654358593925,3.854693948467667,3.8245791800418543,3.8396365642547607,1702000,0.0,0.0
2015-08-12 00:00:00-04:00,3.8069619534356978,3.837356828876121,3.7765667156597784,3.8297579288482666,1832200,0.047,0.0
2015-08-13 00:00:00-04:00,3.8069623517104567,3.829758329507883,3.7917645500647934,3.814560890197754,1927800,0.0,0.0
2015-08-14 00:00:00-04:00,3.8297585562410403,3.8601534366607666,3.8297585562410403,3.8601534366607666,3260400,0.0,0.0
2015-08-17 00:00:00-04:00,3.8297587833758437,3.837357685099228,3.814561342264653,3.822160243988037,1686600,0.0,0.0
2015-08-18 00:00:00-04:00,3.8601524036416417,3.8677513028808024,3.837356430595077,3.8449549674987793,1236000,0.0,0.0
2015-08-19 00:00:00-04:00,3.81456057434325,3.8221594745368748,3.7689682601880126,3.799363136291504,2238100,0.0,0.0
2015-08-20 00:00:00-04:00,3.776566881761299,3.784165782123369,3.738573466957486,3.768968343734741,4030300,0.0,0.0
2015-08-21 00:00:00-04:00,3.692981581740747,3.7081790218987107,3.616994380950928,3.6169943809509277,3635400,0.0,0.0
2015-08-24 00:00:00-04:00,3.5258095264434814,3.579000750408601,3.4802172040457657,3.5258095264434814,4989500,0.0,0.0
2015-08-25 00:00:00-04:00,3.708179317381545,3.708179317381545,3.601796865463257,3.601796865463257,3239300,0.0,0.0
2015-08-26 00:00:00-04:00,3.677783489227295,3.685382026790691,3.586598502118109,3.677783489227295,2516400,0.0,0.0
2015-08-27 00:00:00-04:00,3.6777835669315913,3.70817844249834,3.6549872290887806,3.692981004714966,3052900,0.0,0.0
2015-08-28 00:00:00-04:00,3.6397903476680007,3.6625866889953613,3.6245929075616115,3.6625866889953613,1656400,0.0,0.0
2015-08-31 00:00:00-04:00,3.6473888580794585,3.6701848346287282,3.6245925191946746,3.6321914196014404,1251000,0.0,0.0
2015-09-01 00:00:00-04:00,3.5562044080419586,3.5638033096093626,3.5030135464124084,3.5258095264434814,1690400,0.0,0.0
2015-09-02 00:00:00-04:00,3.5941979885101323,3.6017965273134407,3.5410067675447743,3.594197988510132,1883100,0.0,0.0
2015-09-03 00:00:00-04:00,3.5941975348996773,3.61699387310366,3.5790000968755233,3.5865986347198486,1420100,0.0,0.0
2015-09-04 00:00:00-04:00,3.5258095264434814,3.54100696724272,3.510612085644243,3.5258095264434814,2528300,0.0,0.0
2015-09-08 00:00:00-04:00,3.601797316449799,3.6093962192535396,3.5714024299060934,3.60939621925354,1177500,0.0,0.0
2015-09-09 00:00:00-04:00,3.639790308336632,3.64738920947549,3.5941979885101323,3.594197988510132,2043600,0.0,0.0
2015-09-10 00:00:00-04:00,3.586599138299446,3.6321918211088917,3.586599138299446,3.6169943809509277,1495100,0.0,0.0
2015-09-11 00:00:00-04:00,3.5790008845776113,3.601796865463257,3.571401982725341,3.601796865463257,817600,0.0,0.0
2015-09-14 00:00:00-04:00,3.5334076288691407,3.5562036037445064,3.5030127541449945,3.556203603744507,2366500,0.0,0.0
2015-09-15 00:00:00-04:00,3.556203758671541,3.5865986347198486,3.548605220827216,3.5865986347198486,2788800,0.0,0.0
2015-09-16 00:00:00-04:00,3.586599138299446,3.616994380950928,3.5790005993882414,3.6169943809509277,1297700,0.0,0.0
2015-09-17 00:00:00-04:00,3.541006065577505,3.601795813295243,3.525808628648071,3.548604965209961,2899100,0.0,0.0
2015-09-18 00:00:00-04:00,3.4802167415618896,3.503013080899141,3.4650193027822294,3.4802167415618896,2122100,0.0,0.0
2015-09-21 00:00:00-04:00,3.5182108879089355,3.541006867296584,3.50301344753865,3.5182108879089355,1783400,0.0,0.0
2015-09-22 00:00:00-04:00,3.4498222760566932,3.457421177521913,3.3966310528068484,3.4194273948669434,2046000,0.0,0.0
2015-09-23 00:00:00-04:00,3.442223202632379,3.449821740582605,3.389031987638763,3.3966305255889893,1005900,0.0,0.0
2015-09-24 00:00:00-04:00,3.45742076456016,3.49541418034155,3.449821864002569,3.4802167415618896,2713400,0.0,0.0
2015-09-25 00:00:00-04:00,3.510611935617914,3.5334082770103534,3.480217055318365,3.4954144954681396,2317100,0.0,0.0
2015-09-28 00:00:00-04:00,3.4726186938380477,3.4726186938380477,3.41182856779744,3.4346249103546143,1849200,0.0,0.0
2015-09-29 00:00:00-04:00,3.4194273948669434,3.427026296332163,3.3966310528068484,3.4194273948669434,2806800,0.0,0.0
2015-09-30 00:00:00-04:00,3.48781595656103,3.4954144954681396,3.4574210762614803,3.4954144954681396,1334500,0.0,0.0
2015-10-01 00:00:00-04:00,3.5182108124656617,3.5334082525100587,3.4726184923324706,3.5030133724212646,1443800,0.0,0.0
2015-10-02 00:00:00-04:00,3.5638031592302775,3.616994380950928,3.5410068178255547,3.6169943809509277,2160000,0.0,0.0
2015-10-05 00:00:00-04:00,3.6017962036160234,3.632191443104252,3.586598765039667,3.6245925426483154,2375400,0.0,0.0
2015-10-06 00:00:00-04:00,3.5790002269192476,3.6245925426483154,3.5714013264633113,3.6245925426483154,3558800,0.0,0.0
2015-10-07 00:00:00-04:00,3.6245925191946746,3.639789957672692,3.5865987418318723,3.6321914196014404,2180000,0.0,0.0
2015-10-08 00:00:00-04:00,3.5714013264633113,3.6397899812246717,3.5486053497665355,3.6245925426483154,1830900,0.0,0.0
2015-10-09 00:00:00-04:00,3.639790272443767,3.6473891735076904,3.6169942939230886,3.6473891735076904,1754100,0.0,0.0
2015-10-12 00:00:00-04:00,3.5941975348996773,3.5941975348996773,3.5714011966956947,3.5865986347198486,1419800,0.0,0.0
2015-10-13 00:00:00-04:00,3.495414634561653,3.5182109768612295,3.4802171938071242,3.487816095352173,9509400,0.0,0.0
2015-10-14 00:00:00-04:00,3.4954144712312902,3.5334082525100587,3.4954144712312902,3.5030133724212646,9986700,0.0,0.0
2015-10-15 00:00:00-04:00,3.5182100114299124,3.5941971943509268,3.5182100114299124,3.5789997577667236,2283400,0.0,0.0
2015-10-16 00:00:00-04:00,3.571401982725341,3.6093957673155272,3.556204541356383,3.601796865463257,3082100,0.0,0.0
2015-10-19 00:00:00-04:00,3.586599138299446,3.624592919862133,3.5790005993882414,3.6169943809509277,7573800,0.0,0.0
2015-10-20 00:00:00-04:00,3.5941979885101323,3.6093954284522987,3.5790005485679655,3.594197988510132,5947000,0.0,0.0
2015-10-21 00:00:00-04:00,3.6093962192535396,3.6321925653291336,3.594198775981687,3.60939621925354,1434100,0.0,0.0
2015-10-22 00:00:00-04:00,3.6017965901489255,3.654987812042236,3.6017965901489255,3.6549878120422363,1744700,0.0,0.0
2015-10-23 00:00:00-04:00,3.6549871747168736,3.685382049831466,3.6549871747168736,3.67018461227417,2708800,0.0,0.0
2015-10-26 00:00:00-04:00,3.6625860746632677,3.6701846122741695,3.647388637105972,3.67018461227417,987500,0.0,0.0
2015-10-27 00:00:00-04:00,3.6473888580794585,3.6473888580794585,3.6169939811234224,3.6321914196014404,1188200,0.0,0.0
2015-10-28 00:00:00-04:00,3.4802167415618896,3.503013080899141,3.4650193027822294,3.4802167415618896,2804000,0.0,0.0
2015-10-29 00:00:00-04:00,3.4650193027822294,3.49541418034155,3.4650193027822294,3.4802167415618896,1730000,0.0,0.0
2015-10-30 00:00:00-04:00,3.4802167415618896,3.503013080899141,3.449821864002569,3.4802167415618896,1983100,0.0,0.0
2015-11-02 00:00:00-05:00,3.5410066174202393,3.5714014960159512,3.5410066174202393,3.56380295753479,11156800,0.0,0.0
2015-11-03 00:00:00-05:00,3.5030127541449945,3.563802503593287,3.495413854296214,3.556203603744507,2752000,0.0,0.0
2015-11-04 00:00:00-05:00,3.541006867296584,3.5486057686495065,3.465019665445156,3.5182108879089355,7477200,0.0,0.0
2015-11-05 00:00:00-05:00,3.4346243023466445,3.442223202632379,3.389031987638763,3.3966305255889893,3453900,0.0,0.0
2015-11-06 00:00:00-05:00,3.4042295029543856,3.434624380114517,3.3966306024965944,3.41182804107666,1578100,0.0,0.0
2015-11-09 00:00:00-05:00,3.4118279638249494,3.419426864110684,3.3814330873530287,3.3966305255889893,1490300,0.0,0.0
2015-11-10 00:00:00-05:00,3.396630826610377,3.396630826610377,3.3586374088211195,3.3738348484039307,12319500,0.0,0.0
2015-11-11 00:00:00-05:00,3.427026296332163,3.4346248354618183,3.3966310528068484,3.4194273948669434,4190600,0.0,0.0
2015-11-12 00:00:00-05:00,3.381433070570729,3.396630508731264,3.358637094497681,3.3586370944976807,1570100,0.0,0.0
2015-11-13 00:00:00-05:00,3.396630508731264,3.396630508731264,3.3510381942496603,3.3586370944976807,10996800,0.0,0.0
2015-11-16 00:00:00-05:00,3.381433685944923,3.44222381198553,3.3662362450186643,3.4346249103546143,3535600,0.0,0.0
2015-11-17 00:00:00-05:00,3.4346246478390445,3.4574209886538467,3.419427208074358,3.44222354888916,3078400,0.0,0.0
2015-11-18 00:00:00-05:00,3.4422232495771428,3.4726181264635865,3.434624349187775,3.4650192260742188,3552100,0.0,0.0
2015-11-19 00:00:00-05:00,3.4650191486903674,3.4650191486903674,3.4270257345985717,3.449821710586548,8420800,0.0,0.0
2015-11-20 00:00:00-05:00,3.3814327512370146,3.3890316507674147,3.3434393405914307,3.3434393405914307,12101800,0.0,0.0
2015-11-23 00:00:00-05:00,3.3358417228068244,3.3510391653715357,3.2978482975628522,3.3130457401275635,3117800,0.0,0.0
2015-11-24 00:00:00-05:00,3.3054459863372854,3.320643424987793,3.297847448179791,3.320643424987793,2716200,0.0,0.0
2015-11-25 00:00:00-05:00,3.3358407792783757,3.3586371178454004,3.32824224131304,3.3510382175445557,2942600,0.0,0.0
2015-11-27 00:00:00-05:00,3.389032149167813,3.3966306874802026,3.3738347102075075,3.3814332485198975,2046700,0.0,0.0
2015-11-30 00:00:00-05:00,3.3434399930817915,3.3738348724641725,3.3434399930817915,3.3662359714508057,1861600,0.0,0.0
2015-12-01 00:00:00-05:00,3.4574206646866874,3.4802166410299167,3.4498217643486035,3.4726181030273438,2866000,0.0,0.0
2015-12-02 00:00:00-05:00,3.449821740582605,3.4574206408683397,3.3814330873530287,3.3966305255889893,2358200,0.0,0.0
2015-12-03 00:00:00-05:00,3.419426864110684,3.4270257643964186,3.373834549402803,3.3966305255889893,5237100,0.0,0.0
2015-12-04 00:00:00-05:00,3.3890319581712705,3.4574206108062104,3.3890319581712705,3.449821710586548,4788700,0.0,0.0
2015-12-07 00:00:00-05:00,3.3890323121553627,3.3966308508331866,3.3586374327729818,3.3662359714508057,3249200,0.0,0.0
2015-12-08 00:00:00-05:00,3.313045212232149,3.328242652375324,3.2826503319457987,3.2902488708496094,2616000,0.0,0.0
2015-12-09 00:00:00-05:00,3.2978476093897644,3.3358410267055207,3.275051269131881,3.305446147918701,5734400,0.0,0.0
2015-12-10 00:00:00-05:00,3.366235655810736,3.3890319943777607,3.3434396795792205,3.3510382175445557,3546000,0.0,0.0
2015-12-11 00:00:00-05:00,3.305446375173841,3.313045276560752,3.244656613420801,3.2674529552459717,3673800,0.0,0.0
2015-12-14 00:00:00-05:00,3.2598536863487797,3.2826500256039304,3.191465030918848,3.229458808898926,3647500,0.0,0.0
2015-12-15 00:00:00-05:00,3.2902488588094303,3.31304520010855,3.2370579996707387,3.252255439758301,4728500,0.0,0.0
2015-12-16 00:00:00-05:00,3.259854202228627,3.2978479862213135,3.2294593199687087,3.2978479862213135,2686700,0.0,0.0
2015-12-17 00:00:00-05:00,3.2978478608410544,3.3054463999493575,3.252255539184543,3.2598540782928467,3023600,0.0,0.0
2015-12-18 00:00:00-05:00,3.28265000169476,3.2902485398341197,3.237057685852051,3.237057685852051,2790600,0.0,0.0
2015-12-21 00:00:00-05:00,3.290248959397187,3.3054463999493575,3.244656637740676,3.2598540782928467,3191700,0.0,0.0
2015-12-22 00:00:00-05:00,3.2674529552459717,3.2750514942973212,3.244656613420801,3.2674529552459717,2630600,0.0,0.0
2015-12-23 00:00:00-05:00,3.3434400441220276,3.3890323638916016,3.3434400441220276,3.3890323638916016,2910300,0.0,0.0
2015-12-24 00:00:00-05:00,3.389031987638763,3.4118279638249494,3.3814330873530287,3.3966305255889893,1137200,0.0,0.0
2015-12-28 00:00:00-05:00,3.381433387027566,3.389032287986742,3.3510385078619436,3.3738348484039307,2721200,0.0,0.0
2015-12-29 00:00:00-05:00,3.351038582915849,3.396630902685423,3.351038582915849,3.3890323638916016,2043100,0.0,0.0
2015-12-30 00:00:00-05:00,3.3434396563371465,3.3738345326582153,3.3434396563371465,3.3586370944976807,1415100,0.0,0.0
2015-12-31 00:00:00-05:00,3.3510391653715357,3.3510391653715357,3.3130457401275635,3.3130457401275635,1132300,0.0,0.0
2016-01-04 00:00:00-05:00,3.2522551167402174,3.2826499938964844,3.2218598772484337,3.2826499938964844,5623700,0.0,0.0
2016-01-05 00:00:00-05:00,3.2522555148077115,3.282650395684232,3.2294591729825406,3.2674529552459717,7953200,0.0,0.0
2016-01-06 00:00:00-05:00,3.1990637232543557,3.2142611609902354,3.168668847782597,3.176267385482788,5504500,0.0,0.0
2016-01-07 00:00:00-05:00,3.115477962636523,3.1534717421451717,3.092681984799762,3.100280523300171,7297200,0.0,0.0
2016-01-08 00:00:00-05:00,3.1458728413092283,3.1534717421451717,3.092681984799762,3.100280523300171,10371300,0.0,0.0
2016-01-11 00:00:00-05:00,3.123076777565539,3.1306753158569336,3.0926818997289107,3.1306753158569336,11281600,0.0,0.0
2016-01-12 00:00:00-05:00,3.115477962636523,3.123076863472467,3.0622871061270573,3.100280523300171,4557300,0.0,0.0
2016-01-13 00:00:00-05:00,3.0242931962799826,3.0394906349613686,2.9407071023645996,2.955904722213745,7345300,0.0,0.0
2016-01-14 00:00:00-05:00,2.9407073337932705,2.99389855453194,2.910312454038473,2.978701114654541,3853500,0.0,0.0
2016-01-15 00:00:00-05:00,2.87991746430795,2.8875161839564765,2.8191277071197405,2.872318744659424,6316700,0.0,0.0
2016-01-19 00:00:00-05:00,2.902714030293358,2.9103127510074325,2.841924264580762,2.857121706008911,5492700,0.0,0.0
2016-01-20 00:00:00-05:00,2.7963312475180504,2.811528685181104,2.7583376533604165,2.7887325286865234,8021900,0.0,0.0
2016-01-21 00:00:00-05:00,2.803930041094152,2.84952235529867,2.7735351649578064,2.826726198196411,3086200,0.0,0.0
2016-01-22 00:00:00-05:00,2.9407074207665627,2.963503762424651,2.9179112602762536,2.9483063220977783,7088600,0.0,0.0
2016-01-25 00:00:00-05:00,2.8115290073798906,2.819127727082224,2.7735354088682236,2.7811341285705566,10634300,0.0,0.0
2016-01-26 00:00:00-05:00,2.8343248296051136,2.9255094551951055,2.8267261108059474,2.9027132987976074,9775200,0.0,0.0
2016-01-27 00:00:00-05:00,2.8267267570353636,2.887516521326085,2.8115293159626833,2.8191280364990234,4269100,0.0,0.0
2016-01-28 00:00:00-05:00,2.857121310298862,2.8647200299605173,2.819127711990586,2.849522590637207,3984200,0.0,0.0
2016-01-29 00:00:00-05:00,2.8495228155319756,2.9027138573615936,2.8267266547478536,2.8951151371002197,3528200,0.0,0.0
2016-02-01 00:00:00-05:00,2.8343251464167927,2.872318744659424,2.811528987471214,2.872318744659424,2855300,0.0,0.0
2016-02-02 00:00:00-05:00,2.7583380039298966,2.7583380039298966,2.7127455039784345,2.727942943572998,3559100,0.0,0.0
2016-02-03 00:00:00-05:00,2.765936718327882,2.765936718327882,2.689949339335625,2.750739097595215,3697100,0.0,0.0
2016-02-04 00:00:00-05:00,2.7507388266877952,2.8419236362645837,2.7507388266877952,2.826726198196411,3377300,0.0,0.0
2016-02-05 00:00:00-05:00,2.7811341578927795,2.7887328776752285,2.7355416580303173,2.750739097595215,3297700,0.0,0.0
2016-02-08 00:00:00-05:00,2.6671536892546843,2.682351131721382,2.613962640621243,2.636758804321289,2718500,0.0,0.0
2016-02-09 00:00:00-05:00,2.5303759999215947,2.606363377628119,2.5303759999215947,2.598764657974243,3604600,0.0,0.0
2016-02-10 00:00:00-05:00,2.5987647393314592,2.6215608990067456,2.5759685796561733,2.5911660194396973,3020200,0.0,0.0
2016-02-11 00:00:00-05:00,2.5227773189544678,2.545573478265674,2.484783720102458,2.5227773189544678,4235000,0.0,0.0
2016-02-12 00:00:00-05:00,2.553171921873712,2.621560573577881,2.53797448397673,2.621560573577881,2292100,0.0,0.0
2016-02-16 00:00:00-05:00,2.667153039194113,2.6899491973380916,2.644356881050135,2.6747517585754395,2158200,0.0,0.0
2016-02-17 00:00:00-05:00,2.7507393114259937,2.7811343740863417,2.735541870679712,2.758338212966919,3618200,0.0,0.0
2016-02-18 00:00:00-05:00,2.781133838312389,2.781133838312389,2.727942624779686,2.735541343688965,1908900,0.0,0.0
2016-02-19 00:00:00-05:00,2.7127455039784345,2.7279429435729985,2.674751904992025,2.727942943572998,3037500,0.0,0.0
2016-02-22 00:00:00-05:00,2.7355416580303173,2.765936718327882,2.7355416580303173,2.750739097595215,1685900,0.0,0.0
2016-02-23 00:00:00-05:00,2.7355417450869974,2.74314046511127,2.7127455850141797,2.720344305038452,2970800,0.0,0.0
2016-02-24 00:00:00-05:00,2.6823503971099854,2.6975478354145825,2.651955520500791,2.6823503971099854,3456900,0.0,0.0
2016-02-25 00:00:00-05:00,3.001497411672007,3.062287355128143,2.933108747929826,3.0546884536743164,4729900,0.0,0.0
2016-02-26 00:00:00-05:00,3.092681729958407,3.107879168042469,3.0546879535804994,3.062286853790283,2972700,0.0,0.0
2016-02-29 00:00:00-05:00,3.077484607696533,3.1154780256379526,3.062287168052857,3.077484607696533,3607600,0.0,0.0
2016-03-01 00:00:00-05:00,3.107879465628406,3.1686692237854,3.100280564691012,3.1686692237854004,2615300,0.0,0.0
2016-03-02 00:00:00-05:00,3.1382742832117247,3.191465139389038,3.1306753824232327,3.191465139389038,3778800,0.0,0.0
2016-03-03 00:00:00-05:00,3.153471698957505,3.199064016342163,3.130675359097411,3.199064016342163,3611600,0.0,0.0
2016-03-04 00:00:00-05:00,3.1762676154373817,3.221859931945801,3.168669077187073,3.221859931945801,4415200,0.0,0.0
2016-03-07 00:00:00-05:00,3.1458733642630787,3.2142620338130135,3.1382748244995273,3.206663131713867,3583700,0.0,0.0
2016-03-08 00:00:00-05:00,3.115477962636523,3.115477962636523,3.0698856446274663,3.100280523300171,3396800,0.0,0.0
2016-03-09 00:00:00-05:00,3.0926822362723203,3.1078796768444086,3.0470899145560546,3.0546884536743164,2043900,0.0,0.0
2016-03-10 00:00:00-05:00,3.0622872552160176,3.0850832341626124,3.0242934738576235,3.0470898151397705,3741000,0.0,0.0
2016-03-11 00:00:00-05:00,3.100280179100974,3.138273954391479,3.09268164144417,3.1382739543914795,2994800,0.0,0.0
2016-03-14 00:00:00-04:00,3.1002804994757467,3.115477938695313,3.0850830602561805,3.107879400253296,3882600,0.0,0.0
2016-03-15 00:00:00-04:00,3.031891822814942,3.0470894421988906,3.001496946382552,3.0318918228149414,3321800,0.0,0.0
2016-03-16 00:00:00-04:00,2.9787007890582595,3.039490541923039,2.9787007890582595,3.0318918228149414,2785400,0.0,0.0
2016-03-17 00:00:00-04:00,3.062286793881547,3.100280207180669,3.0470893560947983,3.085082769393921,1772400,0.0,0.0
2016-03-18 00:00:00-04:00,3.138274278692428,3.153471717911994,3.107879400253296,3.107879400253296,1717700,0.0,0.0
2016-03-21 00:00:00-04:00,3.092681884765625,3.1078793236104096,3.0774844459208404,3.092681884765625,1974000,0.0,0.0
2016-03-22 00:00:00-04:00,3.0090956687927246,3.0470894455426585,3.0090956687927246,3.0090956687927246,4340500,0.0,0.0
2016-03-23 00:00:00-04:00,3.009096159722386,3.009096159722386,2.963503837585449,2.963503837585449,1889400,0.0,0.0
2016-03-24 00:00:00-04:00,2.963503280355474,2.971101999282837,2.9407069424056362,2.971101999282837,2271000,0.0,0.0
2016-03-28 00:00:00-04:00,2.986299753189087,3.0014971926522156,2.9711023137259582,2.986299753189087,1320800,0.0,0.0
2016-03-29 00:00:00-04:00,2.9787007923269804,3.0090956687927246,2.9559046349776725,3.0090956687927246,2389900,0.0,0.0
2016-03-30 00:00:00-04:00,3.0090962276229587,3.016694948150581,2.9863000660400925,3.001497507095337,2144300,0.0,0.0
2016-03-31 00:00:00-04:00,2.9938987865677147,3.016694948150581,2.9938987865677147,3.001497507095337,3959100,0.0,0.0
2016-04-01 00:00:00-04:00,2.9559046349776725,3.0166943879091606,2.940707015577046,3.0090956687927246,5234500,0.0,0.0
2016-04-04 00:00:00-04:00,3.009095745659309,3.039490622901482,2.993898307038222,3.0242931842803955,3199700,0.0,0.0
2016-04-05 00:00:00-04:00,2.94830594934618,2.94830594934618,2.9255096105702116,2.933108329772949,11898200,0.0,0.0
2016-04-06 00:00:00-04:00,2.949538487213333,2.988656997680664,2.9260673809329343,2.988656997680664,3572800,0.111,0.0
2016-04-07 00:00:00-04:00,2.926067333765585,2.9338910357329357,2.8713014199941322,2.886948823928833,4564600,0.0,0.0
2016-04-08 00:00:00-04:00,2.9417145209404225,2.9651856251130084,2.9182434167678366,2.9338908195495605,3673700,0.0,0.0
2016-04-11 00:00:00-04:00,2.9730095934937317,2.9964806997741302,2.965185891400265,2.988656997680664,6604600,0.0,0.0
2016-04-12 00:00:00-04:00,2.996480775532382,3.051246878103036,2.9651859663673092,3.0434231758117676,6310500,0.0,0.0
2016-04-13 00:00:00-04:00,3.129483707529911,3.1451311111450195,3.1060126021072487,3.1451311111450195,2199100,0.0,0.0
2016-04-14 00:00:00-04:00,3.1216602192216323,3.1216602192216323,3.0747180051657947,3.090365409851074,16819500,0.0,0.0
2016-04-15 00:00:00-04:00,3.0825419398555707,3.0981893457202756,3.0668945339908653,3.0747182369232178,2177800,0.0,0.0
2016-04-18 00:00:00-04:00,3.0668943126642607,3.1216602292384716,3.0590706102965166,3.1138365268707275,2028500,0.0,0.0
2016-04-19 00:00:00-04:00,3.129483931606216,3.1451313363417053,3.0903654197674943,3.1138365268707275,1861400,0.0,0.0
2016-04-20 00:00:00-04:00,3.090365409851074,3.113836516878993,3.0825417075084345,3.090365409851074,3909500,0.0,0.0
2016-04-21 00:00:00-04:00,3.1138363039148027,3.1451311111450195,3.1060126021072487,3.1451311111450195,7448100,0.0,0.0
2016-04-22 00:00:00-04:00,3.113836114941804,3.152954808137298,3.1060124136090557,3.1373074054718018,4895400,0.0,0.0
2016-04-25 00:00:00-04:00,3.1294835176073,3.1451309202727966,3.1060124136090557,3.1373074054718018,4388800,0.0,0.0
2016-04-26 00:00:00-04:00,3.231191834589661,3.262486640047771,3.2155444318606063,3.2546627521514893,2838300,0.0,0.0
2016-04-27 00:00:00-04:00,3.2155444706326883,3.239015388477522,3.1842496647972354,3.231191873550415,3321800,0.0,0.0
2016-04-28 00:00:00-04:00,3.1373075958692302,3.184249806714555,3.1373075958692302,3.1451311111450195,2898200,0.0,0.0
2016-04-29 00:00:00-04:00,3.113836767988956,3.137308063441454,3.106013065015387,3.1216604709625244,2050400,0.0,0.0
2016-05-02 00:00:00-04:00,3.145131593314653,3.1607789993286133,3.121660484293713,3.1607789993286133,1315200,0.0,0.0
2016-05-03 00:00:00-04:00,3.0747175078796722,3.082541208956954,3.0355990024932638,3.051246404647827,1567900,0.0,0.0
2016-05-04 00:00:00-04:00,3.0043041706085205,3.027775275082209,2.973009364643602,3.0043041706085205,2671600,0.0,0.0
2016-05-05 00:00:00-04:00,2.965186103985382,2.9730098066397583,2.9182438880591244,2.926067590713501,5515000,0.0,0.0
2016-05-06 00:00:00-04:00,2.9417147886341923,3.0043044054566947,2.9417147886341923,2.996480703353882,1568700,0.0,0.0
2016-05-09 00:00:00-04:00,2.9651858697503855,2.9808332738230705,2.9417147636413574,2.9417147636413574,2610500,0.0,0.0
2016-05-10 00:00:00-04:00,2.980833542156381,3.0199520558595254,2.9730098394157523,3.0121283531188965,2198100,0.0,0.0
2016-05-11 00:00:00-04:00,2.996480703353882,3.027775511765133,2.9808332991482565,2.996480703353882,1408600,0.0,0.0
2016-05-12 00:00:00-04:00,3.0199518060545287,3.035599396773233,2.965185891400265,2.988656997680664,1312400,0.0,0.0
2016-05-13 00:00:00-04:00,3.0043044054566947,3.027775511765133,2.996480703353882,2.996480703353882,1712600,0.0,0.0
2016-05-16 00:00:00-04:00,3.019951413806953,3.059070105725109,3.019951413806953,3.051246404647827,2152400,0.0,0.0
2016-05-17 00:00:00-04:00,3.0825414657592773,3.0981888692174047,3.0668940623011505,3.0825414657592773,2323600,0.0,0.0
2016-05-18 00:00:00-04:00,3.1764257768066155,3.239015388477522,3.1686022618795087,3.231191873550415,3502800,0.0,0.0
2016-05-19 00:00:00-04:00,3.2390158112559084,3.2468397002677554,3.1920735963755114,3.2233684062957764,2036500,0.0,0.0
2016-05-20 00:00:00-04:00,3.223367977110579,3.2390153799872903,3.2155444622039795,3.2155444622039795,1330900,0.0,0.0
2016-05-23 00:00:00-04:00,3.2233684062957764,3.2468397002677554,3.215544890347491,3.2233684062957764,2020200,0.0,0.0
2016-05-24 00:00:00-04:00,3.3250770711577133,3.3720192909240723,3.3172531813315196,3.3720192909240723,3505300,0.0,0.0
2016-05-25 00:00:00-04:00,3.4033134694371303,3.4580795688166655,3.4033134694371303,3.442432165145874,4341600,0.0,0.0
2016-05-26 00:00:00-04:00,3.403313390321814,3.4189607936288566,3.3641950685859667,3.3876659870147705,1433500,0.0,0.0
2016-05-27 00:00:00-04:00,3.3720192909240723,3.387666697512859,3.348548367572693,3.3720192909240723,1902700,0.0,0.0
2016-05-31 00:00:00-04:00,3.3798426815512674,3.39549008582895,3.3016052870993113,3.3250765800476074,2378100,0.0,0.0
2016-06-01 00:00:00-04:00,3.239015177888426,3.2859573835895928,3.239015177888426,3.2781338691711426,1498200,0.0,0.0
2016-06-02 00:00:00-04:00,3.2546627521514893,3.270310154880544,3.2390153494224343,3.2546627521514893,2338400,0.0,0.0
2016-06-03 00:00:00-04:00,3.246839237318716,3.262486640047771,3.2077205439643244,3.2546627521514893,2746800,0.0,0.0
2016-06-06 00:00:00-04:00,3.1920731713571566,3.223367977110579,3.1842496564505574,3.2155444622039795,5798900,0.0,0.0
2016-06-07 00:00:00-04:00,3.2390158725740474,3.262487166990364,3.2390158725740474,3.246839761734009,2547100,0.0,0.0
2016-06-08 00:00:00-04:00,3.2390153799872903,3.2390153799872903,3.2155444622039795,3.2155444622039795,1396300,0.0,0.0
2016-06-09 00:00:00-04:00,3.1920731629081414,3.199897050857544,3.168602245186955,3.199897050857544,1879400,0.0,0.0
2016-06-10 00:00:00-04:00,3.08254113722999,3.0903648381252236,3.019951343536377,3.019951343536377,2742400,0.0,0.0
2016-06-13 00:00:00-04:00,2.910419693849456,2.9417144991814257,2.8947722911834717,2.8947722911834717,3014000,0.0,0.0
2016-06-14 00:00:00-04:00,2.8400063689737634,2.8713011741638184,2.7930639746569286,2.8713011741638184,12754100,0.0,0.0
2016-06-15 00:00:00-04:00,2.847830472280672,2.871301579486474,2.824359178543091,2.824359178543091,4989700,0.0,0.0
2016-06-16 00:00:00-04:00,2.7695927850821285,2.8165349914149704,2.738297980860234,2.808711290359497,6302500,0.0,0.0
2016-06-17 00:00:00-04:00,2.9182434419224625,2.9886567550471677,2.902596039005861,2.980833053588867,3309600,0.0,0.0
2016-06-20 00:00:00-04:00,3.2311922953076233,3.262487105227888,3.215544890347491,3.2233684062957764,4216000,0.0,0.0
2016-06-21 00:00:00-04:00,3.2468397192891625,3.2937819344445676,3.223368425179678,3.270310640335083,3106000,0.0,0.0
2016-06-22 00:00:00-04:00,3.270310640335083,3.3172528554904885,3.2624871243409643,3.270310640335083,3788900,0.0,0.0
2016-06-23 00:00:00-04:00,3.3485484257799567,3.4033141632608928,3.317253238994785,3.3954906463623047,3735800,0.0,0.0
2016-06-24 00:00:00-04:00,2.503586826539739,2.6600610381731764,2.4801157227744866,2.605294942855835,44143700,0.0,0.0
2016-06-27 00:00:00-04:00,2.214109882150275,2.237580989891978,2.135872856344598,2.1749913692474365,32456500,0.0,0.0
2016-06-28 00:00:00-04:00,2.339289447855577,2.433173884356208,2.3079946356887002,2.401879072189331,21097500,0.0,0.0
2016-06-29 00:00:00-04:00,2.386231418982578,2.4018788234455375,2.362760312288139,2.3784077167510986,11141600,0.0,0.0
2016-06-30 00:00:00-04:00,2.3001709065978035,2.339289421363387,2.26105239183222,2.3236420154571533,9853800,0.0,0.0
2016-07-01 00:00:00-04:00,2.3236420154571533,2.33146571841027,2.292347203644687,2.3236420154571533,17404900,0.0,0.0
2016-07-05 00:00:00-04:00,2.151520249089985,2.1671676541608242,2.120225438948307,2.1436965465545654,48549300,0.0,0.0
2016-07-06 00:00:00-04:00,2.010693544829667,2.0263409508959063,1.9324565144984713,1.9950461387634277,34094500,0.0,0.0
2016-07-07 00:00:00-04:00,2.0654594239102986,2.0889305304109893,2.0028696200433496,2.0341644287109375,43892800,0.0,0.0
2016-07-08 00:00:00-04:00,2.135872844019146,2.1671676541608242,2.120225438948307,2.1436965465545654,9562200,0.0,0.0
2016-07-11 00:00:00-04:00,2.2454042434692383,2.2610518320331794,2.2219331404209455,2.2454042434692383,10864600,0.0,0.0
2016-07-12 00:00:00-04:00,2.3784072298270194,2.394054631086534,2.3392887266782334,2.362759828567505,54917800,0.0,0.0
2016-07-13 00:00:00-04:00,2.36276005409605,2.36276005409605,2.3158178458368117,2.3392889499664307,31416600,0.0,0.0
2016-07-14 00:00:00-04:00,2.378407482544673,2.401878586927866,2.362760079622544,2.3862311840057373,9498400,0.0,0.0
2016-07-15 00:00:00-04:00,2.394054631086534,2.394054631086534,2.3471124273079904,2.362759828567505,6166500,0.0,0.0
2016-07-18 00:00:00-04:00,2.3314652528579245,2.3627600584213724,2.3158178500762006,2.3471126556396484,6666700,0.0,0.0
2016-07-19 00:00:00-04:00,2.307994122903809,2.3314652268142098,2.300170421600342,2.300170421600342,6549200,0.0,0.0
2016-07-20 00:00:00-04:00,2.370584014519619,2.386231418982578,2.3549366100566598,2.3784077167510986,6545000,0.0,0.0
2016-07-21 00:00:00-04:00,2.3784074655281335,2.3940548683383116,2.339288958502688,2.354936361312866,6406300,0.0,0.0
2016-07-22 00:00:00-04:00,2.307994114074518,2.307994114074518,2.268875607706832,2.2845230102539062,6512200,0.0,0.0
2016-07-25 00:00:00-04:00,2.261051827327208,2.268875528327022,2.2297568367962066,2.2375805377960205,10525300,0.0,0.0
2016-07-26 00:00:00-04:00,2.284523245076993,2.300170649232443,2.2610521388438176,2.2766995429992676,4999300,0.0,0.0
2016-07-27 00:00:00-04:00,2.323641780549609,2.3549365891983407,2.323641780549609,2.331465482711792,5251300,0.0,0.0
2016-07-28 00:00:00-04:00,2.245403977124918,2.245403977124918,2.1828143764203616,2.2062854766845703,10589800,0.0,0.0
2016-07-29 00:00:00-04:00,2.253228126327394,2.261051827327208,2.2297568367962066,2.2375805377960205,3763900,0.0,0.0
2016-08-01 00:00:00-04:00,2.237580768480972,2.253228358625545,2.221933364868164,2.221933364868164,3462500,0.0,0.0
2016-08-02 00:00:00-04:00,2.2375805377960205,2.2454042387958344,2.2219331357963923,2.2375805377960205,4006400,0.0,0.0
2016-08-03 00:00:00-04:00,2.2454047749982897,2.26887607013442,2.2454047749982897,2.2532286643981934,5065900,0.0,0.0
2016-08-04 00:00:00-04:00,2.229757296721431,2.229757296721431,2.1828150810399194,2.19846248626709,6327200,0.0,0.0
2016-08-05 00:00:00-04:00,2.174990993195977,2.2688755944621186,2.1593435907402454,2.261051893234253,9242900,0.0,0.0
2016-08-08 00:00:00-04:00,2.2610521388438176,2.300170649232443,2.2610521388438176,2.2766995429992676,5362800,0.0,0.0
2016-08-09 00:00:00-04:00,2.268875616386474,2.300170421600342,2.268875616386474,2.300170421600342,4277800,0.0,0.0
2016-08-10 00:00:00-04:00,2.3279796126767174,2.3279796126767174,2.2961983520691867,2.3041436672210693,2573500,0.045,0.0
2016-08-11 00:00:00-04:00,2.3120882376696836,2.343869488040754,2.304142925076916,2.320033550262451,3727500,0.0,0.0
2016-08-12 00:00:00-04:00,2.335924401190187,2.3438697145507845,2.312088461108395,2.32797908782959,3352800,0.0,0.0
2016-08-15 00:00:00-04:00,2.30414321930146,2.30414321930146,2.2723617754409053,2.288252592086792,2999500,0.0,0.0
2016-08-16 00:00:00-04:00,2.288252557437895,2.3041431844119455,2.2723617410326282,2.2803070545196533,2531500,0.0,0.0
2016-08-17 00:00:00-04:00,2.2644164275456027,2.2803070545196533,2.248525800571552,2.2803070545196533,2243300,0.0,0.0
2016-08-18 00:00:00-04:00,2.2882530369173035,2.312088982372952,2.2882530369173035,2.3041436672210693,2264900,0.0,0.0
2016-08-19 00:00:00-04:00,2.3041431198054854,2.3597603126551983,2.288252493276996,2.343869686126709,6389200,0.0,0.0
2016-08-22 00:00:00-04:00,2.351814929753573,2.383596181869507,2.3438696167245894,2.383596181869507,3492200,0.0,0.0
2016-08-23 00:00:00-04:00,2.4233228590400016,2.4709947394176823,2.4233228590400016,2.455104112625122,6152700,0.0,0.0
2016-08-24 00:00:00-04:00,2.526612551410109,2.5504484956441082,2.5107219219207764,2.5107219219207764,7093000,0.0,0.0
2016-08-25 00:00:00-04:00,2.5027766207020234,2.510721935489629,2.4709951721203534,2.478940486907959,4909800,0.0,0.0
2016-08-26 00:00:00-04:00,2.4868855556414564,2.510721495830297,2.431268172436282,2.455104112625122,4732200,0.0,0.0
2016-08-29 00:00:00-04:00,2.431268393714616,2.4868857819817256,2.431268393714616,2.4630496501922607,2215000,0.0,0.0
2016-08-30 00:00:00-04:00,2.4948312924314435,2.5107219219207764,2.4868859776867773,2.5107219219207764,5353000,0.0,0.0
2016-08-31 00:00:00-04:00,2.5345575517269943,2.5663388067629955,2.5107216104499934,2.550448179244995,7940500,0.0,0.0
2016-09-01 00:00:00-04:00,2.6140105582214974,2.6378464983031,2.5822293047793607,2.6219558715820312,7329700,0.0,0.0
2016-09-02 00:00:00-04:00,2.6378467231870646,2.6378467231870646,2.606065467035485,2.62990140914917,3202100,0.0,0.0
2016-09-06 00:00:00-04:00,2.558393310188431,2.5663386233796817,2.510721431040927,2.5186667442321777,4805300,0.0,0.0
2016-09-07 00:00:00-04:00,2.494830861008649,2.502776174379359,2.4789400448360164,2.4868855476379395,3984200,0.0,0.0
2016-09-08 00:00:00-04:00,2.4948308046584255,2.5425026838059295,2.4948308046584255,2.5186667442321777,9813600,0.0,0.0
2016-09-09 00:00:00-04:00,2.534557370614679,2.5504479969971805,2.510721431040927,2.5186667442321777,2533100,0.0,0.0
2016-09-12 00:00:00-04:00,2.4392134577036213,2.4868855269627628,2.4312681443989663,2.470994710922241,3508800,0.0,0.0
2016-09-13 00:00:00-04:00,2.4392135577741763,2.4392135577741763,2.3915416759904717,2.415377616882324,3582900,0.0,0.0
2016-09-14 00:00:00-04:00,2.4233229305129416,2.4392135577741763,2.415377616882324,2.415377616882324,2176400,0.0,0.0
2016-09-15 00:00:00-04:00,2.4074325257197935,2.431268468814298,2.3915418969901237,2.423323154449463,3769000,0.0,0.0
2016-09-16 00:00:00-04:00,2.399486807927474,2.4074321209564573,2.3756508688405233,2.383596181869507,2843000,0.0,0.0
2016-09-19 00:00:00-04:00,2.4074321069838045,2.4153774199666738,2.383596168035197,2.3915414810180664,1721400,0.0,0.0
2016-09-20 00:00:00-04:00,2.383596449835371,2.3915417637575733,2.367705821990967,2.367705821990967,2368400,0.0,0.0
2016-09-21 00:00:00-04:00,2.4153778400846284,2.423323154449463,2.3915418969901237,2.423323154449463,3015900,0.0,0.0
2016-09-22 00:00:00-04:00,2.4153776314121775,2.4312682587690033,2.3994870040553518,2.4074323177337646,2401800,0.0,0.0
2016-09-23 00:00:00-04:00,2.3518149993909536,2.3597603126551983,2.343869686126709,2.343869686126709,2873200,0.0,0.0
2016-09-26 00:00:00-04:00,2.2644164618335716,2.30414321930146,2.256471148226238,2.288252592086792,11761700,0.0,0.0
2016-09-27 00:00:00-04:00,2.2723614852746516,2.3359241754479863,2.264416172681884,2.320033550262451,10561100,0.0,0.0
2016-09-28 00:00:00-04:00,2.335924566302158,2.367705821990967,2.3200339384577537,2.367705821990967,2645900,0.0,0.0
2016-09-29 00:00:00-04:00,2.3518150653340975,2.3677056923081485,2.2723617410326282,2.2803070545196533,4856700,0.0,0.0
2016-09-30 00:00:00-04:00,2.2803070545196533,2.3041431844119455,2.2564711140585776,2.2803070545196533,12107600,0.0,0.0
2016-10-03 00:00:00-04:00,2.2644162590456705,2.280306884837267,2.2326350074624783,2.2405803203582764,7625500,0.0,0.0
2016-10-04 00:00:00-04:00,2.25647144197182,2.2723620712551167,2.2167448687635782,2.232635498046875,6071200,0.0,0.0
2016-10-05 00:00:00-04:00,2.240580529796999,2.2644164707124625,2.2326352161585112,2.2564711570739746,2091000,0.0,0.0
2016-10-06 00:00:00-04:00,2.2564709461498724,2.2564709461498724,2.2326350074624783,2.2405803203582764,3822800,0.0,0.0
2016-10-07 00:00:00-04:00,2.105509982736355,2.129345921215523,2.081673854825987,2.113455295562744,11123600,0.0,0.0
2016-10-10 00:00:00-04:00,2.097565174102783,2.1134558035752007,2.0896198593665747,2.097565174102783,4237500,0.0,0.0
2016-10-11 00:00:00-04:00,2.1134560272470013,2.137291973978239,2.0975653960928424,2.105510711669922,12202400,0.0,0.0
2016-10-12 00:00:00-04:00,2.097564950424588,2.1134555782024753,2.0816741332154756,2.0896196365356445,3089600,0.0,0.0
2016-10-13 00:00:00-04:00,2.0578381576938156,2.081674098968506,2.0340022164191254,2.081674098968506,3987800,0.0,0.0
2016-10-14 00:00:00-04:00,2.0896196021579585,2.0975649159161884,2.0657834714520455,2.081674098968506,3157300,0.0,0.0
2016-10-17 00:00:00-04:00,2.0816738743020924,2.08961937663402,2.073728561401367,2.073728561401367,3878400,0.0,0.0
2016-10-18 00:00:00-04:00,2.1372916394755483,2.161127582476276,2.129346325141972,2.1531822681427,5755500,0.0,0.0
2016-10-19 00:00:00-04:00,2.161127314672237,2.1929085680682503,2.1531820013232337,2.1690726280212402,2504700,0.0,0.0
2016-10-20 00:00:00-04:00,2.177017899077617,2.2087991518562204,2.177017899077617,2.192908525466919,2803700,0.0,0.0
2016-10-21 00:00:00-04:00,2.1770179413702437,2.184963254719247,2.161127314672237,2.1690726280212402,2234600,0.0,0.0
2016-10-24 00:00:00-04:00,2.1770179413702437,2.1770179413702437,2.1531820013232337,2.1690726280212402,2350300,0.0,0.0
2016-10-25 00:00:00-04:00,2.1531820013232337,2.1690726280212402,2.1531820013232337,2.1690726280212402,3108500,0.0,0.0
2016-10-26 00:00:00-04:00,2.169072836511532,2.2087994070750483,2.169072836511532,2.1849634647369385,3419700,0.0,0.0
2016-10-27 00:00:00-04:00,2.240580544235726,2.264416485304793,2.232635230546037,2.248525857925415,3463200,0.0,0.0
2016-10-28 00:00:00-04:00,2.248525857925415,2.2723617989944818,2.240580544235726,2.248525857925415,3282000,0.0,0.0
2016-10-31 00:00:00-04:00,2.2485256332540744,2.2564709461498724,2.2405803203582764,2.2405803203582764,3612700,0.0,0.0
2016-11-01 00:00:00-04:00,2.240580603025668,2.248525916923832,2.1929087196366854,2.2167446613311768,4931500,0.0,0.0
2016-11-02 00:00:00-04:00,2.2167447211877516,2.224690035300455,2.169072836511532,2.1849634647369385,3528800,0.0,0.0
2016-11-03 00:00:00-04:00,2.2723618435526562,2.280307157398143,2.2246899604797363,2.2246899604797363,5021600,0.0,0.0
2016-11-04 00:00:00-04:00,2.2485259319387163,2.2564712458899363,2.200854048231397,2.208799362182617,5832100,0.0,0.0
2016-11-07 00:00:00-05:00,2.2326350074624783,2.2485256332540744,2.2246896945666803,2.2405803203582764,5429600,0.0,0.0
2016-11-08 00:00:00-05:00,2.2326352161585112,2.2644164707124625,2.2246899025200233,2.2564711570739746,4932500,0.0,0.0
2016-11-09 00:00:00-05:00,2.2246903108726004,2.3200342814665174,2.2246903108726004,2.312088966369629,5722200,0.0,0.0
2016-11-10 00:00:00-05:00,2.4074323177337646,2.4312682587690033,2.375651063020113,2.4074323177337646,8844600,0.0,0.0
2016-11-11 00:00:00-05:00,2.391541690376939,2.4153776314121775,2.383596376698526,2.4074323177337646,4484700,0.0,0.0
2016-11-14 00:00:00-05:00,2.4074325257197935,2.431268468814298,2.3994872113549586,2.423323154449463,4862900,0.0,0.0
2016-11-15 00:00:00-05:00,2.4551045425451417,2.478940486907959,2.4312685981823248,2.478940486907959,10949500,0.0,0.0
2016-11-16 00:00:00-05:00,2.4153774060407467,2.423322718977807,2.3835961542925057,2.399486780166626,4565400,0.0,0.0
2016-11-17 00:00:00-05:00,2.3915414810180664,2.4074321069838045,2.375650855052328,2.3915414810180664,3471400,0.0,0.0
2016-11-18 00:00:00-05:00,2.359760776939918,2.3677060917674093,2.3279795176299523,2.3518154621124268,4999000,0.0,0.0
2016-11-21 00:00:00-05:00,2.3597604933939422,2.3835964350123184,2.343869865648358,2.3756511211395264,4454000,0.0,0.0
2016-11-22 00:00:00-05:00,2.383596181869507,2.3915414948984903,2.351814929753573,2.383596181869507,6060100,0.0,0.0
2016-11-23 00:00:00-05:00,2.35181517952115,2.3835964350123184,2.343869865648358,2.3756511211395264,6224500,0.0,0.0
2016-11-25 00:00:00-05:00,2.343869686126709,2.3597603126551983,2.3279790595982197,2.343869686126709,2216900,0.0,0.0
2016-11-28 00:00:00-05:00,2.3120884978989706,2.320033811385996,2.2723617410326282,2.2803070545196533,5684000,0.0,0.0
2016-11-29 00:00:00-05:00,2.288252577678048,2.312088518349959,2.280307074689527,2.2961978912353516,6260700,0.0,0.0
2016-11-30 00:00:00-05:00,2.304142925076916,2.3359241754479863,2.2961976124841486,2.320033550262451,7305600,0.0,0.0
2016-12-01 00:00:00-05:00,2.3200342814665174,2.3279795965634063,2.288253021078963,2.312088966369629,5668400,0.0,0.0
2016-12-02 00:00:00-05:00,2.320033760353635,2.3438697002904063,2.312088447041378,2.3359243869781494,4307500,0.0,0.0
2016-12-05 00:00:00-05:00,2.3597605080687645,2.383596449835371,2.3518151941465626,2.367705821990967,5806300,0.0,0.0
2016-12-06 00:00:00-05:00,2.399487181418052,2.439213752746582,2.3835965528866394,2.439213752746582,6487500,0.0,0.0
2016-12-07 00:00:00-05:00,2.478940194562439,2.534557580947876,2.4709948807118374,2.534557580947876,9995800,0.0,0.0
2016-12-08 00:00:00-05:00,2.534557580947876,2.550448208649079,2.5186669532466723,2.534557580947876,5333200,0.0,0.0
2016-12-09 00:00:00-05:00,2.5027763992897882,2.5186670274592093,2.4789402676044268,2.494831085205078,4423300,0.0,0.0
2016-12-12 00:00:00-05:00,2.4948312924314435,2.5107219219207764,2.4868859776867773,2.5107219219207764,4848300,0.0,0.0
2016-12-13 00:00:00-05:00,2.5504479828220115,2.5583932959691027,2.510721417086555,2.5266120433807373,13496300,0.0,0.0
2016-12-14 00:00:00-05:00,2.5504482685774024,2.566338896651991,2.4948310703163434,2.5027763843536377,9419100,0.0,0.0
2016-12-15 00:00:00-05:00,2.5266122524871197,2.5583935077057514,2.510721624877804,2.5425028800964355,6187800,0.0,0.0
2016-12-16 00:00:00-05:00,2.5425028947984774,2.5425028947984774,2.5186669532466723,2.534557580947876,4177900,0.0,0.0
2016-12-19 00:00:00-05:00,2.4868855269627628,2.4948308402674177,2.4551040843129313,2.470994710922241,5593200,0.0,0.0
2016-12-20 00:00:00-05:00,2.5186669532466723,2.5425028947984774,2.5107216393960705,2.534557580947876,5490300,0.0,0.0
2016-12-21 00:00:00-05:00,2.5345575517269943,2.5583934930039955,2.5345575517269943,2.550448179244995,8132300,0.0,0.0
2016-12-22 00:00:00-05:00,2.534557427862198,2.542502741232908,2.4868855476379395,2.4868855476379395,7221600,0.0,0.0
2016-12-23 00:00:00-05:00,2.502776174379359,2.502776174379359,2.463049418094597,2.4868855476379395,3465300,0.0,0.0
2016-12-27 00:00:00-05:00,2.4789400448360164,2.510721487750069,2.463049418094597,2.4868855476379395,4920600,0.0,0.0
2016-12-28 00:00:00-05:00,2.4630494260214024,2.4868855556414564,2.455104112625122,2.455104112625122,3972100,0.0,0.0
2016-12-29 00:00:00-05:00,2.447158799228842,2.455104112625122,2.431268172436282,2.455104112625122,4737300,0.0,0.0
2016-12-30 00:00:00-05:00,2.4471590219534383,2.478940278431083,2.439213707834027,2.4630496501922607,4180100,0.0,0.0
2017-01-03 00:00:00-05:00,2.518666909825423,2.566338792107181,2.518666909825423,2.5583934783935547,9268200,0.0,0.0
2017-01-04 00:00:00-05:00,2.542502850966302,2.5742841058208072,2.5345575372526756,2.5583934783935547,5964700,0.0,0.0
2017-01-05 00:00:00-05:00,2.558393611953199,2.6219561249804584,2.5504482978247913,2.614010810852051,9397200,0.0,0.0
2017-01-06 00:00:00-05:00,2.5981199741363525,2.62195591460911,2.5901746606454337,2.5981199741363525,4941600,0.0,0.0
2017-01-09 00:00:00-05:00,2.5345575517269943,2.574284120521996,2.518666924208994,2.550448179244995,6596000,0.0,0.0
2017-01-10 00:00:00-05:00,2.5901746606454337,2.6140106011181907,2.5822293471545144,2.5981199741363525,4364600,0.0,0.0
2017-01-11 00:00:00-05:00,2.5901748684668284,2.6219561249804584,2.5742842402100137,2.614010810852051,6413000,0.0,0.0
2017-01-12 00:00:00-05:00,2.6378467231870646,2.6537373512628544,2.5901748389596957,2.62990140914917,10529200,0.0,0.0
2017-01-13 00:00:00-05:00,2.590174674987793,2.614010615592535,2.5742840479179647,2.590174674987793,5156000,0.0,0.0
2017-01-17 00:00:00-05:00,2.62990140914917,2.6457920372249593,2.61401078107338,2.62990140914917,15678500,0.0,0.0
2017-01-18 00:00:00-05:00,2.5901746894184132,2.5981200029975926,2.5663387486808737,2.5822293758392334,5388200,0.0,0.0
2017-01-19 00:00:00-05:00,2.5901747332480602,2.5981200469616863,2.5345575372526756,2.5583934783935547,20796200,0.0,0.0
2017-01-20 00:00:00-05:00,2.5742840336635955,2.5981199741363525,2.558393406681757,2.5981199741363525,4417100,0.0,0.0
2017-01-23 00:00:00-05:00,2.5742840336635955,2.606065287627272,2.566338720172676,2.5981199741363525,4302000,0.0,0.0
2017-01-24 00:00:00-05:00,2.590174674987793,2.598119988522707,2.5742840479179647,2.590174674987793,4843800,0.0,0.0
2017-01-25 00:00:00-05:00,2.629901364882373,2.677573248307324,2.629901364882373,2.6537373065948486,4707600,0.0,0.0
2017-01-26 00:00:00-05:00,2.6696276874197,2.693463816358176,2.661682374250611,2.685518503189087,3872700,0.0,0.0
2017-01-27 00:00:00-05:00,2.653737336283825,2.6616826502768722,2.629901394304682,2.6378467082977295,3450000,0.0,0.0
2017-01-30 00:00:00-05:00,2.6219561249804584,2.6299014391088655,2.598120182595236,2.614010810852051,5166000,0.0,0.0
2017-01-31 00:00:00-05:00,2.629901394304682,2.645792022290777,2.6219560803116346,2.6378467082977295,8568500,0.0,0.0
2017-02-01 00:00:00-05:00,2.677572979580138,2.685518482118094,2.6457917271531417,2.6696276664733887,3597100,0.0,0.0
2017-02-02 00:00:00-05:00,2.6219558715820312,2.6299011849425655,2.606065244860963,2.6219558715820312,2798600,0.0,0.0
2017-02-03 00:00:00-05:00,2.64579199269069,2.6616826204990067,2.6378466787865316,2.6537373065948486,4895000,0.0,0.0
2017-02-06 00:00:00-05:00,2.6537370822602084,2.6537370822602084,2.6378464557952115,2.64579176902771,3008000,0.0,0.0
2017-02-07 00:00:00-05:00,2.637846900446562,2.6696281587337958,2.6299015858747534,2.6616828441619873,2616100,0.0,0.0
2017-02-08 00:00:00-05:00,2.629901364882373,2.6616826204990067,2.6140107370740564,2.6537373065948486,5840300,0.0,0.0
2017-02-09 00:00:00-05:00,2.6537374990182783,2.693464260850898,2.6378468700577264,2.6775734424591064,5366900,0.0,0.0
2017-02-10 00:00:00-05:00,2.6378466787865316,2.6696279344031653,2.629901364882373,2.6537373065948486,4394400,0.0,0.0
2017-02-13 00:00:00-05:00,2.6457921845380024,2.685518946370622,2.6457921845380024,2.6775734424591064,4750200,0.0,0.0
2017-02-14 00:00:00-05:00,2.677573000588789,2.7014091295272653,2.661682374250611,2.685518503189087,3069000,0.0,0.0
2017-02-15 00:00:00-05:00,2.7014092820285356,2.733190536499024,2.7014092820285356,2.7331905364990234,4246900,0.0,0.0
2017-02-16 00:00:00-05:00,2.733190565606377,2.733190565606377,2.7014093107974317,2.7172999382019043,4269600,0.0,0.0
2017-02-17 00:00:00-05:00,2.677572979580138,2.693463795224843,2.6537370402598905,2.6696276664733887,9029300,0.0,0.0
2017-02-21 00:00:00-05:00,2.6934640407562256,2.701409354587255,2.6696279098319122,2.6934640407562256,4522300,0.0,0.0
2017-02-22 00:00:00-05:00,2.7967529015668355,2.812643527984619,2.788807588357944,2.812643527984619,5857600,0.0,0.0
2017-02-23 00:00:00-05:00,2.8364794676112948,2.8444247808201863,2.8046982147757276,2.812643527984619,6379000,0.0,0.0
2017-02-24 00:00:00-05:00,2.772917493495567,2.7967534376914824,2.757026864031624,2.780862808227539,6539400,0.0,0.0
2017-02-27 00:00:00-05:00,2.7729172115581235,2.8046984672546387,2.7649718976339948,2.8046984672546387,5171400,0.0,0.0
2017-02-28 00:00:00-05:00,2.7570262092224787,2.7649715220673943,2.741135583532648,2.7490808963775635,4062200,0.0,0.0
2017-03-01 00:00:00-05:00,2.733190536499024,2.749081163734268,2.725245222881402,2.7331905364990234,5391700,0.0,0.0
2017-03-02 00:00:00-05:00,2.7411363764635577,2.7490816916068215,2.709355115890503,2.709355115890503,3192300,0.0,0.0
2017-03-03 00:00:00-05:00,2.7014093107974317,2.7172999382019043,2.685518683392959,2.7172999382019043,2388400,0.0,0.0
2017-03-06 00:00:00-05:00,2.685518482118094,2.685518482118094,2.66168235336664,2.6696276664733887,2331600,0.0,0.0
2017-03-07 00:00:00-05:00,2.6457922150183704,2.6616828441619873,2.637846900446562,2.6616828441619873,3292000,0.0,0.0
2017-03-08 00:00:00-05:00,2.685518503189087,2.7093544426963545,2.6696276874197,2.685518503189087,4771600,0.0,0.0
2017-03-09 00:00:00-05:00,2.709354668418285,2.709354668418285,2.6855187269251957,2.6934640407562256,3704500,0.0,0.0
2017-03-10 00:00:00-05:00,2.7172999382019043,2.7252452519041404,2.6934639970951952,2.7172999382019043,3134600,0.0,0.0
2017-03-13 00:00:00-04:00,2.709354847059237,2.725245475769043,2.701409532704334,2.725245475769043,3999400,0.0,0.0
2017-03-14 00:00:00-04:00,2.621955549782585,2.701408863067627,2.6140102373972,2.701408863067627,11238100,0.0,0.0
2017-03-15 00:00:00-04:00,2.7014093107974317,2.7411358793086134,2.6934639970951952,2.7172999382019043,45920000,0.0,0.0
2017-03-16 00:00:00-04:00,2.74908104995482,2.8046982429762797,2.74908104995482,2.7967529296875,51592800,0.0,0.0
2017-03-17 00:00:00-04:00,2.7967529724728086,2.7967529724728086,2.7570264054211635,2.7729170322418213,28474700,0.0,0.0
2017-03-20 00:00:00-04:00,2.764971971511841,2.788807913921105,2.7570266573754196,2.764971971511841,18076000,0.0,0.0
2017-03-21 00:00:00-04:00,2.804698542193947,2.8126438563303684,2.7490813432389984,2.764971971511841,26991500,0.0,0.0
2017-03-22 00:00:00-04:00,2.725245222881402,2.741135850116646,2.7093545956461575,2.7331905364990234,4137000,0.0,0.0
2017-03-23 00:00:00-04:00,2.7331907298244396,2.780862614902123,2.725245415644826,2.7570266723632812,4772400,0.0,0.0
2017-03-24 00:00:00-04:00,2.7570262092224787,2.7570262092224787,2.725244957842817,2.7490808963775635,3950500,0.0,0.0
2017-03-27 00:00:00-04:00,2.709354847059237,2.725245475769043,2.701409532704334,2.725245475769043,3195400,0.0,0.0
2017-03-28 00:00:00-04:00,2.6934640407562256,2.709354668418285,2.6855187269251957,2.6934640407562256,4650300,0.0,0.0
2017-03-29 00:00:00-04:00,2.6775732236629417,2.6934640407562256,2.6616825960008823,2.6934640407562256,4700200,0.0,0.0
2017-03-30 00:00:00-04:00,2.693463550682242,2.7172994878383974,2.693463550682242,2.701408863067627,3886900,0.0,0.0
2017-03-31 00:00:00-04:00,2.6855182382968565,2.7093541754530124,2.6696274240948967,2.701408863067627,3480900,0.0,0.0
2017-04-03 00:00:00-04:00,2.685518503189087,2.693463816358176,2.661682374250611,2.685518503189087,4029800,0.0,0.0
2017-04-04 00:00:00-04:00,2.6616826502768722,2.6616826502768722,2.629901394304682,2.6378467082977295,3779700,0.0,0.0
2017-04-05 00:00:00-04:00,2.652629175399744,2.677266574439912,2.636204242706299,2.636204242706299,7142400,0.108,0.0
2017-04-06 00:00:00-04:00,2.6526292757394025,2.677266675711517,2.63620434242466,2.6444168090820312,6517900,0.0,0.0
2017-04-07 00:00:00-04:00,2.619779147295221,2.619779147295221,2.5869292839486753,2.6033542156219482,8392300,0.0,0.0
2017-04-10 00:00:00-04:00,2.6197790089821553,2.627991474385209,2.6115665435791016,2.6115665435791016,10198700,0.0,0.0
2017-04-11 00:00:00-04:00,2.6279917383553064,2.6526291370391846,2.6115668058993875,2.6526291370391846,3591900,0.0,0.0
2017-04-12 00:00:00-04:00,2.6279916763305664,2.6279916763305664,2.6197792102964343,2.6279916763305664,3285700,0.0,0.0
2017-04-13 00:00:00-04:00,2.627991613131858,2.636204078968494,2.6033542156219482,2.6033542156219482,2855300,0.0,0.0
2017-04-17 00:00:00-04:00,2.6115668058993875,2.6526291370391846,2.6033543396714283,2.6526291370391846,3126800,0.0,0.0
2017-04-18 00:00:00-04:00,2.644416633040097,2.6772664974827283,2.6279917008187814,2.6690540313720703,4692500,0.0,0.0
2017-04-19 00:00:00-04:00,2.7347540656378455,2.7511789996932765,2.6936917304992676,2.6936917304992676,4421100,0.0,0.0
2017-04-20 00:00:00-04:00,2.7511785400146973,2.7593910056702393,2.7265411430480713,2.7347536087036133,5318200,0.0,0.0
2017-04-21 00:00:00-04:00,2.7429664527418858,2.751178919530309,2.7019041187997694,2.726541519165039,3442200,0.0,0.0
2017-04-24 00:00:00-04:00,2.8086661911252815,2.8497285222644093,2.8086661911252815,2.8250911235809326,6175400,0.0,0.0
2017-04-25 00:00:00-04:00,2.8579413488898484,2.874366283416748,2.8497288816263984,2.874366283416748,3868300,0.0,0.0
2017-04-26 00:00:00-04:00,2.866153638686984,2.907215972461738,2.857941171932033,2.899003505706787,4360700,0.0,0.0
2017-04-27 00:00:00-04:00,2.948278013179572,2.981128072734753,2.9236406153636607,2.9729154109954834,7328900,0.0,0.0
2017-04-28 00:00:00-04:00,2.9729160863182225,3.013978621139739,2.9647036185140547,3.0057661533355713,6355800,0.0,0.0
2017-05-01 00:00:00-04:00,3.022190570831299,3.0468279700200624,3.0139781044350444,3.022190570831299,8216100,0.0,0.0
2017-05-02 00:00:00-04:00,2.9893408425537285,3.0139782428741455,2.9811283757802562,3.0139782428741455,7355500,0.0,0.0
2017-05-03 00:00:00-04:00,2.9975532487730985,3.005765715380669,2.972915653149737,2.9893407821655273,9009100,0.0,0.0
2017-05-04 00:00:00-04:00,3.005765894610496,3.0714656313886515,2.9893409604159573,3.063253164291382,10809200,0.0,0.0
2017-05-05 00:00:00-04:00,3.030403295902304,3.0714656313886515,3.013978361707766,3.063253164291382,9322300,0.0,0.0
2017-05-08 00:00:00-04:00,3.022190432767371,3.038615364809533,3.01397796674629,3.030402898788452,8094500,0.0,0.0
2017-05-09 00:00:00-04:00,2.997553685531403,3.0221910889439068,2.9893412177272354,3.0057661533355713,5563300,0.0,0.0
2017-05-10 00:00:00-04:00,3.03040276109767,3.055040158041477,3.03040276109767,3.0386152267456055,4015600,0.0,0.0
2017-05-11 00:00:00-04:00,3.0057657761006733,3.0304031764210904,2.9975533093272007,3.0139782428741455,6174500,0.0,0.0
2017-05-12 00:00:00-04:00,2.948278013179572,2.9893405386733902,2.948278013179572,2.9729154109954834,3569200,0.0,0.0
2017-05-15 00:00:00-04:00,3.00576563803879,3.022190570831299,3.00576563803879,3.022190570831299,2147100,0.0,0.0
2017-05-16 00:00:00-04:00,3.055040795941675,3.096103132755273,3.0468283285789557,3.0714657306671143,9364700,0.0,0.0
2017-05-17 00:00:00-04:00,3.1289524780983915,3.1371649440855016,3.071465216188622,3.087890148162842,8793500,0.0,0.0
2017-05-18 00:00:00-04:00,3.120740314071781,3.128952780853523,3.087890446944813,3.112527847290039,7130700,0.0,0.0
2017-05-19 00:00:00-04:00,3.128952841058896,3.1535902418781796,3.120740374119135,3.1371653079986572,5165000,0.0,0.0
2017-05-22 00:00:00-04:00,3.1535897999846045,3.1535897999846045,3.1125274710396154,3.1207399368286133,8994800,0.0,0.0
2017-05-23 00:00:00-04:00,3.1371651693789278,3.161802569109576,3.128952702802045,3.1453776359558105,4120700,0.0,0.0
2017-05-24 00:00:00-04:00,3.1618024301288576,3.178227362560646,3.1371650314811754,3.153589963912964,5582500,0.0,0.0
2017-05-25 00:00:00-04:00,3.178227324363042,3.178227324363042,3.1535899260114646,3.1700148582458496,5141800,0.0,0.0
2017-05-26 00:00:00-04:00,3.096102614149952,3.1043150801370616,3.079677682175732,3.087890148162842,3203600,0.0,0.0
2017-05-30 00:00:00-04:00,3.0632531246423245,3.0878905256152396,3.0632531246423245,3.0796780586242676,2730900,0.0,0.0
2017-05-31 00:00:00-04:00,3.0714650893373485,3.0714650893373485,3.022190295449734,3.0386152267456055,7776600,0.0,0.0
2017-06-01 00:00:00-04:00,3.03040286128246,3.046827793121338,3.0221903953630207,3.046827793121338,2929500,0.0,0.0
2017-06-02 00:00:00-04:00,3.005766153335571,3.013978621139739,2.9811287499230676,3.0057661533355713,5059800,0.0,0.0
2017-06-05 00:00:00-04:00,2.997553685531403,3.0221910889439068,2.9893412177272354,3.0057661533355713,2337700,0.0,0.0
2017-06-06 00:00:00-04:00,2.989340677801543,2.989340677801543,2.9482781503966162,2.96470308303833,4959400,0.0,0.0
2017-06-07 00:00:00-04:00,3.013977929443582,3.055040259040777,3.005765463524143,3.046827793121338,3888400,0.0,0.0
2017-06-08 00:00:00-04:00,3.0221903953630207,3.0714651908796546,3.0221903953630207,3.046827793121338,3848100,0.0,0.0
2017-06-09 00:00:00-04:00,2.981128072734753,2.997553004612027,2.964702945056846,2.9729154109954834,7313000,0.0,0.0
2017-06-12 00:00:00-04:00,2.948278227443503,2.956490693978975,2.9154283613016148,2.9318532943725586,3764800,0.0,0.0
2017-06-13 00:00:00-04:00,2.931853393933936,2.9482783275626465,2.915428460305226,2.940065860748291,4192000,0.0,0.0
2017-06-14 00:00:00-04:00,2.9072159333950798,2.9236408666842664,2.8990034667504867,2.915428400039673,3062700,0.0,0.0
2017-06-15 00:00:00-04:00,2.866153266798517,2.9072155952453613,2.857940801109148,2.9072155952453613,3353000,0.0,0.0
2017-06-16 00:00:00-04:00,2.9154283613016148,2.9400657609080305,2.907215894766143,2.9318532943725586,2439600,0.0,0.0
2017-06-19 00:00:00-04:00,2.9400656605068702,2.9482781267618923,2.915428261741804,2.923640727996826,2253300,0.0,0.0
2017-06-20 00:00:00-04:00,2.8661535954094592,2.8661535954094592,2.8086663289928326,2.8168787956237793,8632600,0.0,0.0
2017-06-21 00:00:00-04:00,2.8743662239891004,2.8743662239891004,2.833303888520817,2.84972882270813,10097400,0.0,0.0
2017-06-22 00:00:00-04:00,2.8415162172776043,2.857941150665283,2.8333037505837644,2.857941150665283,6826100,0.0,0.0
2017-06-23 00:00:00-04:00,2.8415157794952393,2.857940710352387,2.8250908486380912,2.8415157794952393,2422700,0.0,0.0
2017-06-26 00:00:00-04:00,2.849728244923813,2.857940710352387,2.8250908486380912,2.8415157794952393,2475900,0.0,0.0
2017-06-27 00:00:00-04:00,2.857941150665283,2.866153617359123,2.8497286839714437,2.857941150665283,2825700,0.0,0.0
2017-06-28 00:00:00-04:00,2.857941171932033,2.915428439216689,2.849728705177082,2.899003505706787,3685000,0.0,0.0
2017-06-29 00:00:00-04:00,2.9318533333288594,2.9482782666180456,2.9072159333950798,2.915428400039673,3853700,0.0,0.0
2017-06-30 00:00:00-04:00,2.899003505706787,2.899003505706787,2.8743661054419345,2.899003505706787,1925300,0.0,0.0
2017-07-03 00:00:00-04:00,2.8990031667070886,2.907215632501701,2.882578235117863,2.8907907009124756,2564500,0.0,0.0
2017-07-05 00:00:00-04:00,2.8415162172776043,2.866153617359123,2.825091283889925,2.857941150665283,4953500,0.0,0.0
2017-07-06 00:00:00-04:00,2.8743659067680105,2.907215771517257,2.8661534405806988,2.8825783729553223,3762800,0.0,0.0
2017-07-07 00:00:00-04:00,2.882578372955322,2.8907908391426336,2.8661534405806988,2.8825783729553223,2285500,0.0,0.0
2017-07-10 00:00:00-04:00,2.8497285082060757,2.8907908391426336,2.841516042018764,2.8825783729553223,4222700,0.0,0.0
2017-07-11 00:00:00-04:00,2.857940710352387,2.857940710352387,2.8168783832095174,2.8415157794952393,4257000,0.0,0.0
2017-07-12 00:00:00-04:00,2.857941150665283,2.8743660840529626,2.8415162172776043,2.857941150665283,2800000,0.0,0.0
2017-07-13 00:00:00-04:00,2.9236408278370867,2.9400657609080305,2.907215894766143,2.9318532943725586,3568500,0.0,0.0
2017-07-14 00:00:00-04:00,2.9236405529965195,2.9564904160503143,2.915428087233071,2.9482779502868652,2030400,0.0,0.0
2017-07-17 00:00:00-04:00,2.915428261741804,2.9482781267618923,2.907215795486782,2.923640727996826,5069900,0.0,0.0
2017-07-18 00:00:00-04:00,2.923640727996826,2.931853194251848,2.907215795486782,2.923640727996826,1971200,0.0,0.0
2017-07-19 00:00:00-04:00,2.940065584576744,2.964702982705525,2.931853118533817,2.9564905166625977,1953600,0.0,0.0
2017-07-20 00:00:00-04:00,2.9729157914181887,2.9975533881874292,2.9647033244286614,2.981128454208374,2556200,0.0,0.0
2017-07-21 00:00:00-04:00,2.964702982705525,2.964702982705525,2.940065584576744,2.9564905166625977,1795600,0.0,0.0
2017-07-24 00:00:00-04:00,2.956490479118209,2.9893405386733902,2.940065547240935,2.9729154109954834,3142200,0.0,0.0
2017-07-25 00:00:00-04:00,2.9975532487730985,3.0139781819882403,2.9811283155579567,2.9893407821655273,4937800,0.0,0.0
2017-07-26 00:00:00-04:00,3.013977802853114,3.02219026842762,2.989340406129595,2.9975528717041016,11007100,0.0,0.0
2017-07-27 00:00:00-04:00,2.9482783275626465,2.9647032611913566,2.923640927119581,2.940065860748291,5651700,0.0,0.0
2017-07-28 00:00:00-04:00,2.923640727996826,2.931853194251848,2.907215795486782,2.923640727996826,2661000,0.0,0.0
2017-07-31 00:00:00-04:00,2.882578235117863,2.907215632501701,2.8661533035286375,2.8907907009124756,4604200,0.0,0.0
2017-08-01 00:00:00-04:00,2.8990031667070886,2.907215632501701,2.882578235117863,2.8907907009124756,5226000,0.0,0.0
2017-08-02 00:00:00-04:00,2.8825785721968855,2.915428439216689,2.8743661054419345,2.899003505706787,2819300,0.0,0.0
2017-08-03 00:00:00-04:00,2.91542806093473,2.931852992313468,2.899003129555992,2.9072155952453613,4382900,0.0,0.0
2017-08-04 00:00:00-04:00,2.9236409059716397,2.9236409059716397,2.899003505706787,2.899003505706787,4316500,0.0,0.0
2017-08-07 00:00:00-04:00,2.907215632501701,2.907215632501701,2.8743657693232505,2.8907907009124756,3587700,0.0,0.0
2017-08-08 00:00:00-04:00,2.8990033053299453,2.9154282377045684,2.882578372955322,2.8825783729553223,6734100,0.0,0.0
2017-08-09 00:00:00-04:00,2.8767414065758383,2.901756525039673,2.86840303375456,2.901756525039673,2152800,0.053,0.0
2017-08-10 00:00:00-04:00,2.8684030420529347,2.8684030420529347,2.8267111778259277,2.8267111778259277,3205100,0.0,0.0
2017-08-11 00:00:00-04:00,2.826710780700327,2.851725895722149,2.8183724090263866,2.8350491523742676,2053600,0.0,0.0
2017-08-14 00:00:00-04:00,2.851725895722149,2.86840263907003,2.826710780700327,2.8350491523742676,6118800,0.0,0.0
2017-08-15 00:00:00-04:00,2.851726531982422,2.860064905516771,2.826711411379375,2.851726531982422,2528400,0.0,0.0
2017-08-16 00:00:00-04:00,2.851726531982422,2.86840327905112,2.843388158448073,2.851726531982422,8761100,0.0,0.0
2017-08-17 00:00:00-04:00,2.8183730077813234,2.83504975467213,2.7850193151972062,2.8016960620880127,6221100,0.0,0.0
2017-08-18 00:00:00-04:00,2.8016961451206432,2.8016961451206432,2.7683426503505477,2.7850193977355957,5627300,0.0,0.0
2017-08-21 00:00:00-04:00,2.801696019419679,2.826711338177423,2.801696019419679,2.818372964859009,5780800,0.0,0.0
2017-08-22 00:00:00-04:00,2.8183730859527,2.826711459629379,2.8100345134735107,2.8100345134735107,4108000,0.0,0.0
2017-08-23 00:00:00-04:00,2.8183730859527,2.826711459629379,2.8100345134735107,2.8100345134735107,2866900,0.0,0.0
2017-08-24 00:00:00-04:00,2.810034518813167,2.8183730913082012,2.760004276658024,2.7850193977355957,12304300,0.0,0.0
2017-08-25 00:00:00-04:00,2.7933576886426095,2.8183730077813234,2.7933576886426095,2.8016960620880127,2353400,0.0,0.0
2017-08-28 00:00:00-04:00,2.826711543621381,2.826711543621381,2.7933578491210938,2.7933578491210938,1373600,0.0,0.0
2017-08-29 00:00:00-04:00,2.7600039624450368,2.7766807079315186,2.7516655897017963,2.7766807079315186,1916900,0.0,0.0
2017-08-30 00:00:00-04:00,2.7600042040854538,2.7600042040854538,2.751665830612182,2.7516658306121826,1554500,0.0,0.0
2017-08-31 00:00:00-04:00,2.7516655115332873,2.7683422565460205,2.7433271390269205,2.7683422565460205,2607100,0.0,0.0
2017-09-01 00:00:00-04:00,2.760003884039654,2.785019001558754,2.760003884039654,2.7683422565460205,1883800,0.0,0.0
2017-09-05 00:00:00-04:00,2.7516658353370356,2.760004208824625,2.7183123413866785,2.7266507148742676,6853700,0.0,0.0
2017-09-06 00:00:00-04:00,2.7516659916063957,2.760004365567528,2.7433276176452637,2.7433276176452637,3938500,0.0,0.0
2017-09-07 00:00:00-04:00,2.760004365567528,2.7683427395286606,2.7433276176452637,2.7433276176452637,2096700,0.0,0.0
2017-09-08 00:00:00-04:00,2.810034435533416,2.8183730077813234,2.8016960620880127,2.8016960620880127,2988800,0.0,0.0
2017-09-11 00:00:00-04:00,2.785019392443473,2.8100345134735107,2.776681018766794,2.8100345134735107,2243800,0.0,0.0
2017-09-12 00:00:00-04:00,2.8517265271595957,2.8850800212405843,2.8517265271595957,2.876741647720337,2519500,0.0,0.0
2017-09-13 00:00:00-04:00,2.8767417308905596,2.8767417308905596,2.8517266096065996,2.86006498336792,2164900,0.0,0.0
2017-09-14 00:00:00-04:00,2.9434485395444923,2.976802032533835,2.9351101662971564,2.968463659286499,4445500,0.0,0.0
2017-09-15 00:00:00-04:00,2.9768018749331357,2.9768018749331357,2.951786756515503,2.951786756515503,2223200,0.0,0.0
2017-09-18 00:00:00-04:00,2.976802036583299,2.985140409841977,2.935110170289905,2.943448543548584,4218000,0.0,0.0
2017-09-19 00:00:00-04:00,2.9684638146897724,2.985140562057495,2.960125441005911,2.985140562057495,2035400,0.0,0.0
2017-09-20 00:00:00-04:00,2.960125126656675,2.985140245051789,2.9517867538583036,2.976801872253418,1796800,0.0,0.0
2017-09-21 00:00:00-04:00,3.026832261160721,3.060185751839767,3.0184936896884733,3.043509006500244,3372300,0.0,0.0
2017-09-22 00:00:00-04:00,3.0435091666418304,3.0435091666418304,3.018493848513818,3.035170793533325,2746900,0.0,0.0
2017-09-25 00:00:00-04:00,2.9934787790285062,3.001817152275842,2.9601252860391636,2.968463659286499,2629900,0.0,0.0
2017-09-26 00:00:00-04:00,2.9434485435485835,2.9517869168072624,2.9184334237725476,2.943448543548584,2201300,0.0,0.0
2017-09-27 00:00:00-04:00,2.9934786517738705,3.0351707150406932,2.9934786517738705,3.026832342147827,4174200,0.0,0.0
2017-09-28 00:00:00-04:00,3.0018177253044596,3.06018654798056,3.0018177253044596,3.0518481731414795,6959700,0.0,0.0
2017-09-29 00:00:00-04:00,3.043509798302399,3.06018654798056,3.0351714234633187,3.0518481731414795,2614600,0.0,0.0
2017-10-02 00:00:00-04:00,3.0018169072105514,3.026832223712833,2.9851401620773523,3.01849365234375,3022000,0.0,0.0
2017-10-03 00:00:00-04:00,3.018494051464552,3.0268326239362042,3.01015567779541,3.01015567779541,3296900,0.0,0.0
2017-10-04 00:00:00-04:00,3.018493848513818,3.0518475397503355,3.018493848513818,3.035170793533325,32627700,0.0,0.0
2017-10-05 00:00:00-04:00,2.993478930457126,3.0268326239362042,2.985140556787984,3.01015567779541,17614500,0.0,0.0
2017-10-06 00:00:00-04:00,2.960125126656675,3.001816990648532,2.9434483810599326,2.976801872253418,11929000,0.0,0.0
2017-10-09 00:00:00-04:00,2.9768021883736338,2.9934789357413565,2.9684638146897724,2.985140562057495,25459900,0.0,0.0
2017-10-10 00:00:00-04:00,3.0184936896884733,3.0518473791700056,3.010155317018712,3.043509006500244,16447700,0.0,0.0
2017-10-11 00:00:00-04:00,2.993478930457126,3.0268326239362042,2.9684638094497,3.01015567779541,14513900,0.0,0.0
2017-10-12 00:00:00-04:00,2.9684634994550465,3.001816990648532,2.9517867538583036,2.976801872253418,7947200,0.0,0.0
2017-10-13 00:00:00-04:00,2.9934789357413565,3.001817309425218,2.9768021883736338,2.985140562057495,3268300,0.0,0.0
2017-10-16 00:00:00-04:00,2.968463659286499,2.976802032533835,2.9517869127918277,2.968463659286499,6483200,0.0,0.0
2017-10-17 00:00:00-04:00,2.985140245051789,3.001816990648532,2.9684634994550465,2.976801872253418,2543000,0.0,0.0
2017-10-18 00:00:00-04:00,2.985140716597418,3.001817464828491,2.985140716597418,3.001817464828491,2668800,0.0,0.0
2017-10-19 00:00:00-04:00,2.9851401640337705,3.0101552817499635,2.9768017914617064,2.993478536605835,2548500,0.0,0.0
2017-10-20 00:00:00-04:00,3.0101552797771505,3.026832223712833,3.0018169072105514,3.01849365234375,3042300,0.0,0.0
2017-10-23 00:00:00-04:00,3.001817464828491,3.010155838944028,2.9934790907129547,3.001817464828491,1938200,0.0,0.0
2017-10-24 00:00:00-04:00,3.001817304126268,3.0268326239362042,2.993478930457126,3.01015567779541,2925800,0.0,0.0
2017-10-25 00:00:00-04:00,3.043509798302399,3.0685249228196403,3.0351714234633187,3.0518481731414795,4773100,0.0,0.0
2017-10-26 00:00:00-04:00,3.0685243606567383,3.093539480591134,3.060185987345273,3.0685243606567383,4537200,0.0,0.0
2017-10-27 00:00:00-04:00,3.068524438519189,3.0852011855652846,3.0601860649961408,3.0768628120422363,2272800,0.0,0.0
2017-10-30 00:00:00-04:00,3.060185987345273,3.0685243606567383,3.0518476140338078,3.0685243606567383,2534300,0.0,0.0
2017-10-31 00:00:00-04:00,3.051847691473093,3.0852011855652846,3.051847691473093,3.0768628120422363,3197700,0.0,0.0
2017-11-01 00:00:00-04:00,3.093539398098268,3.1102161442764933,3.076862651920042,3.0852010250091553,2241000,0.0,0.0
2017-11-02 00:00:00-04:00,3.0018170246667366,3.0268323421478267,2.9934786517738705,3.026832342147827,4401200,0.0,0.0
2017-11-03 00:00:00-04:00,3.001817464828491,3.001817464828491,2.985140716597418,3.001817464828491,2533600,0.0,0.0
2017-11-06 00:00:00-05:00,3.0018169072105514,3.0351705962794324,3.0018169072105514,3.01849365234375,3745100,0.0,0.0
2017-11-07 00:00:00-05:00,3.0101552817499635,3.0184936543220275,2.9851401640337705,2.993478536605835,2611500,0.0,0.0
2017-11-08 00:00:00-05:00,2.960125441005911,2.985140562057495,2.9517870673220497,2.985140562057495,2085400,0.0,0.0
2017-11-09 00:00:00-05:00,2.960125126656675,2.9768018722534175,2.9517867538583036,2.976801872253418,3107000,0.0,0.0
2017-11-10 00:00:00-05:00,2.9768019539554578,2.9934787000099146,2.960125207901001,2.960125207901001,2379100,0.0,0.0
2017-11-13 00:00:00-05:00,2.9434485435485835,2.960125290065941,2.9267717970312264,2.943448543548584,3556900,0.0,0.0
2017-11-14 00:00:00-05:00,2.9434483837096255,2.9601251293213804,2.935110010903748,2.951786756515503,4105000,0.0,0.0
2017-11-15 00:00:00-05:00,2.935110088819316,2.960125207901001,2.935110088819316,2.960125207901001,4440900,0.0,0.0
2017-11-16 00:00:00-05:00,2.9434483837096255,2.9601251293213804,2.9434483837096255,2.951786756515503,2673100,0.0,0.0
2017-11-17 00:00:00-05:00,2.9434485395444923,2.976802032533835,2.9351101662971564,2.968463659286499,2498200,0.0,0.0
2017-11-20 00:00:00-05:00,2.9684635809282294,2.9768019539554578,2.9517868348737726,2.960125207901001,2156300,0.0,0.0
2017-11-21 00:00:00-05:00,2.9601251293213804,2.968463502127258,2.935110010903748,2.951786756515503,2594700,0.0,0.0
2017-11-22 00:00:00-05:00,2.960125290065941,2.96846366332462,2.935110170289905,2.943448543548584,8169800,0.0,0.0
2017-11-24 00:00:00-05:00,2.960125126656675,2.985140245051789,2.960125126656675,2.976801872253418,1757000,0.0,0.0
2017-11-27 00:00:00-05:00,2.96846366332462,2.96846366332462,2.935110170289905,2.943448543548584,2548900,0.0,0.0
2017-11-28 00:00:00-05:00,2.9017568357254544,2.95178707800977,2.893418462011402,2.935110330581665,7461200,0.0,0.0
2017-11-29 00:00:00-05:00,3.01849365234375,3.0601857139792306,2.993478534643952,3.01849365234375,7600400,0.0,0.0
2017-11-30 00:00:00-05:00,3.0268326239362042,3.0435093712744883,2.993478930457126,3.01015567779541,4538300,0.0,0.0
2017-12-01 00:00:00-05:00,2.960125207901001,3.001817073037143,2.943448461846544,2.960125207901001,5479700,0.0,0.0
2017-12-04 00:00:00-05:00,2.9851404057811703,3.001817152275842,2.9601252860391636,2.968463659286499,2970600,0.0,0.0
2017-12-05 00:00:00-05:00,2.951786756515503,2.9768018749331357,2.935110010903748,2.951786756515503,3226400,0.0,0.0
2017-12-06 00:00:00-05:00,2.9434485476213172,2.9434485476213172,2.9100950545404527,2.918433427810669,2827800,0.0,0.0
2017-12-07 00:00:00-05:00,2.9267719568676123,2.935110330581665,2.910095209439507,2.935110330581665,2711000,0.0,0.0
2017-12-08 00:00:00-05:00,3.0435090879335593,3.051847460826426,3.0184937704524692,3.026832342147827,4115500,0.0,0.0
2017-12-11 00:00:00-05:00,3.0351705962794324,3.0351705962794324,3.0101552797771505,3.01849365234375,2825600,0.0,0.0
2017-12-12 00:00:00-05:00,3.010155475405313,3.0518475397503355,3.010155475405313,3.035170793533325,11784700,0.0,0.0
2017-12-13 00:00:00-05:00,3.0518481731414795,3.06018654798056,3.0351714234633187,3.0518481731414795,3123000,0.0,0.0
2017-12-14 00:00:00-05:00,3.0435089688460315,3.051847341412631,3.0101552797771505,3.01849365234375,1943100,0.0,0.0
2017-12-15 00:00:00-05:00,3.010155838944028,3.0184942130595647,2.9934790907129547,3.001817464828491,2903100,0.0,0.0
2017-12-18 00:00:00-05:00,3.026832261160721,3.1018776151885747,3.026832261160721,3.043509006500244,9305400,0.0,0.0
2017-12-19 00:00:00-05:00,3.043509006500244,3.060185751839767,3.0351706338304822,3.043509006500244,3779900,0.0,0.0
2017-12-20 00:00:00-05:00,3.0435090879335593,3.0435090879335593,3.0184937704524692,3.026832342147827,4765200,0.0,0.0
2017-12-21 00:00:00-05:00,3.0435094001930776,3.0685245214381904,3.0351710264447065,3.0601861476898193,3647900,0.0,0.0
2017-12-22 00:00:00-05:00,3.043509798302399,3.0685249228196403,3.043509798302399,3.0518481731414795,1869600,0.0,0.0
2017-12-26 00:00:00-05:00,3.0351710264447065,3.0685245214381904,3.0351710264447065,3.0601861476898193,1942700,0.0,0.0
2017-12-27 00:00:00-05:00,3.0768628120422368,3.0935395590883323,3.068524438519189,3.0768628120422363,2929200,0.0,0.0
2017-12-28 00:00:00-05:00,3.08520118076003,3.101877927780152,3.0768628072499697,3.1018779277801514,2529900,0.0,0.0
2017-12-29 00:00:00-05:00,3.1102165336705183,3.1435700302027727,3.1102165336705183,3.1268932819366455,2383400,0.0,0.0
2018-01-02 00:00:00-05:00,3.1102160565675607,3.160246293691371,3.1018776837135924,3.1519079208374023,5948400,0.0,0.0
2018-01-03 00:00:00-05:00,3.1102161407470703,3.1185545138267208,3.085201021508119,3.1102161407470703,2987800,0.0,0.0
2018-01-04 00:00:00-05:00,3.1352308590200724,3.143569231033325,3.1268924870068195,3.143569231033325,2295100,0.0,0.0
2018-01-05 00:00:00-05:00,3.1268928022754974,3.1519079208374023,3.118554429421529,3.1519079208374023,2931400,0.0,0.0
2018-01-08 00:00:00-05:00,3.1352311751294657,3.160246293691371,3.1268928022754974,3.1519079208374023,3486800,0.0,0.0
2018-01-09 00:00:00-05:00,3.1435698632609843,3.168584984331727,3.135231489570737,3.1602466106414795,4109300,0.0,0.0
2018-01-10 00:00:00-05:00,3.176923274993897,3.185261648466223,3.1685849015215704,3.1769232749938965,2475800,0.0,0.0
2018-01-11 00:00:00-05:00,3.2019383861252915,3.2269535064697266,3.2019383861252915,3.2269535064697266,2620000,0.0,0.0
2018-01-12 00:00:00-05:00,3.268645362038587,3.3019988536834717,3.268645362038587,3.3019988536834717,4104900,0.0,0.0
2018-01-16 00:00:00-05:00,3.2853221019887657,3.3520290851593018,3.2769837290924486,3.3520290851593018,12029200,0.0,0.0
2018-01-17 00:00:00-05:00,3.301999247063837,3.335352742682257,3.2936608731592316,3.318675994873047,7425700,0.0,0.0
2018-01-18 00:00:00-05:00,3.3353522199489958,3.377044281740346,3.327013847351223,3.3603675365448,4167200,0.0,0.0
2018-01-19 00:00:00-05:00,3.3687060611888713,3.4103981273224258,3.3603678865251663,3.402059555053711,10722900,0.0,0.0
2018-01-22 00:00:00-05:00,3.3937214150051678,3.427074909210205,3.3853828426514014,3.427074909210205,3838600,0.0,0.0
2018-01-23 00:00:00-05:00,3.435413001409224,3.443751573562622,3.4270748268608298,3.443751573562622,2958400,0.0,0.0
2018-01-24 00:00:00-05:00,3.477104821097307,3.493781566619873,3.4687662495335356,3.493781566619873,3662800,0.0,0.0
2018-01-25 00:00:00-05:00,3.502120269065625,3.5104588418877274,3.443751849731054,3.45209002494812,4633900,0.0,0.0
2018-01-26 00:00:00-05:00,3.443751573562622,3.4604283202644144,3.4270748268608298,3.443751573562622,4037900,0.0,0.0
2018-01-29 00:00:00-05:00,3.41873637488908,3.4520898694651674,3.4103982000475677,3.435413122177124,4506800,0.0,0.0
2018-01-30 00:00:00-05:00,3.385382852507403,3.3937214248854457,3.3687061053563325,3.377044677734375,3958600,0.0,0.0
2018-01-31 00:00:00-05:00,3.3687057103400884,3.377044281740346,3.3436907913492533,3.3603675365448,4524200,0.0,0.0
2018-02-01 00:00:00-05:00,3.3687059879302983,3.3853827345000522,3.3353524947907904,3.368705987930298,4441500,0.0,0.0
2018-02-02 00:00:00-05:00,3.3353526700883562,3.3353526700883562,3.276984054026513,3.285322427749634,4786300,0.0,0.0
2018-02-05 00:00:00-05:00,3.243629893994828,3.268645010034586,3.1352308590200724,3.143569231033325,5911000,0.0,0.0
2018-02-06 00:00:00-05:00,3.110216051081371,3.2186148979917526,3.110216051081371,3.2019381523132324,11716500,0.0,0.0
2018-02-07 00:00:00-05:00,3.185261570142982,3.2019383166775657,3.1685848236083984,3.1685848236083984,8610300,0.0,0.0
2018-02-08 00:00:00-05:00,3.2686453395954502,3.2769837124494186,3.143569547983434,3.1519079208374023,6046600,0.0,0.0
2018-02-09 00:00:00-05:00,3.1435698632609843,3.1769233580219747,3.068524500048756,3.1602466106414795,7764700,0.0,0.0
2018-02-12 00:00:00-05:00,3.135231494903564,3.1519082423124254,3.1102163737902724,3.1352314949035645,3957200,0.0,0.0
2018-02-13 00:00:00-05:00,3.1435697038065227,3.1685848236083984,3.1268929572719393,3.1685848236083984,10623900,0.0,0.0
2018-02-14 00:00:00-05:00,3.1102163581667748,3.2102768421173096,3.1102163581667748,3.2102768421173096,3824200,0.0,0.0
2018-02-15 00:00:00-05:00,3.218615012779453,3.2352919578552246,3.1852615202329035,3.2352919578552246,3052600,0.0,0.0
2018-02-16 00:00:00-05:00,3.21861532700471,3.260307395560685,3.2102769530540187,3.2436306476593018,4579800,0.0,0.0
2018-02-20 00:00:00-05:00,3.2352920003791983,3.2436303736254333,3.2102766818379935,3.2186150550842285,4037100,0.0,0.0
2018-02-21 00:00:00-05:00,3.318675760664982,3.3436910794159127,3.2936606407165527,3.2936606407165527,15789900,0.0,0.0
2018-02-22 00:00:00-05:00,3.276983898305522,3.3019990182861747,3.2603071516517534,3.2686455249786377,5462000,0.0,0.0
2018-02-23 00:00:00-05:00,3.2686456803033925,3.2853224277496333,3.2436305591340315,3.285322427749634,2811100,0.0,0.0
2018-02-26 00:00:00-05:00,3.260307229313123,3.2936607234151487,3.24363048226211,3.2769839763641357,4156400,0.0,0.0
2018-02-27 00:00:00-05:00,3.2686457695113766,3.276984143462068,3.2436306476593018,3.2436306476593018,3769400,0.0,0.0
2018-02-28 00:00:00-05:00,3.243630215312023,3.260306960990543,3.2019381523132324,3.2019381523132324,3210200,0.0,0.0
2018-03-01 00:00:00-05:00,3.2019381523132324,3.2186148979917526,3.1519079152776714,3.2019381523132324,10070000,0.0,0.0
2018-03-02 00:00:00-05:00,3.1602464503411065,3.185261570142982,3.135231330539231,3.1685848236083984,5627800,0.0,0.0
2018-03-05 00:00:00-05:00,3.135231330539231,3.17692319687569,3.1268929572719393,3.1685848236083984,7010700,0.0,0.0
2018-03-06 00:00:00-05:00,3.168584984331727,3.1769233580219747,3.1435698632609843,3.1602466106414795,3604900,0.0,0.0
2018-03-07 00:00:00-05:00,3.17692311490866,3.193599861012971,3.1519079957521936,3.1852614879608154,1903500,0.0,0.0
2018-03-08 00:00:00-05:00,3.1936001777648926,3.201938551644076,3.1769234300065263,3.1936001777648926,3289700,0.0,0.0
2018-03-09 00:00:00-05:00,3.17692311490866,3.1852614879608154,3.160246368804349,3.1852614879608154,3078100,0.0,0.0
2018-03-12 00:00:00-04:00,3.1852618038857097,3.2102769255232593,3.1769234300065263,3.1936001777648926,5593500,0.0,0.0
2018-03-13 00:00:00-04:00,3.1935999434102738,3.1935999434102738,3.1602464503411065,3.1685848236083984,2180300,0.0,0.0
2018-03-14 00:00:00-04:00,3.185261570142982,3.1935999434102738,3.1602464503411065,3.1685848236083984,2899700,0.0,0.0
2018-03-15 00:00:00-04:00,3.1602459750598304,3.176922719086336,3.1352308590200724,3.143569231033325,14729400,0.0,0.0
2018-03-16 00:00:00-04:00,3.1685849015215704,3.185261648466223,3.160246528049244,3.1769232749938965,8520700,0.0,0.0
2018-03-19 00:00:00-04:00,3.2102769255232593,3.218615299402442,3.1602466822481596,3.1936001777648926,2506600,0.0,0.0
2018-03-20 00:00:00-04:00,3.2186150550842285,3.2352920003791983,3.2019383085917585,3.2186150550842285,2571700,0.0,0.0
2018-03-21 00:00:00-04:00,3.226953589442399,3.226953589442399,3.1936000947922203,3.2102768421173096,2880000,0.0,0.0
2018-03-22 00:00:00-04:00,3.1769234480366926,3.1769234480366926,3.1185548305511475,3.1185548305511475,3697300,0.0,0.0
2018-03-23 00:00:00-04:00,3.126892973836995,3.126892973836995,3.0685243606567383,3.0685243606567383,4090800,0.0,0.0
2018-03-26 00:00:00-04:00,3.1352311751294657,3.1519079208374023,3.1018776837135924,3.1519079208374023,3824900,0.0,0.0
2018-03-27 00:00:00-04:00,3.151908093771391,3.151908093771391,3.060185987345273,3.0685243606567383,5086600,0.0,0.0
2018-03-28 00:00:00-04:00,3.093539554270091,3.1268930483103334,3.0768628072499697,3.1018779277801514,3591400,0.0,0.0
2018-03-29 00:00:00-04:00,3.110216301290212,3.118554674800273,3.0768628072499697,3.1018779277801514,3125600,0.0,0.0
2018-04-02 00:00:00-04:00,3.110216306134428,3.110216306134428,3.051847691473093,3.0768628120422363,2325600,0.0,0.0
2018-04-03 00:00:00-04:00,3.1018780826981343,3.1185548305511475,3.076862960918615,3.1185548305511475,2256700,0.0,0.0
2018-04-04 00:00:00-04:00,3.0852006269405563,3.143569231033325,3.0768622549273035,3.143569231033325,1878900,0.0,0.0
2018-04-05 00:00:00-04:00,3.143569547983434,3.160246293691371,3.1352311751294657,3.1519079208374023,2405100,0.0,0.0
2018-04-06 00:00:00-04:00,3.168584984331727,3.185261731712222,3.1435698632609843,3.1602466106414795,3538400,0.0,0.0
2018-04-09 00:00:00-04:00,3.193599779473972,3.2186148979917526,3.185261406634712,3.2019381523132324,3402900,0.0,0.0
2018-04-10 00:00:00-04:00,3.218615012779453,3.243630330991862,3.2102766396428155,3.2352919578552246,4032700,0.0,0.0
2018-04-11 00:00:00-04:00,3.243630330991862,3.251968704128499,3.22695338591609,3.2352919578552246,2345500,0.0,0.0
2018-04-12 00:00:00-04:00,3.268645362038587,3.310337226594693,3.2603069891273657,3.3019988536834717,3346700,0.0,0.0
2018-04-13 00:00:00-04:00,3.310337548918995,3.3186759226421154,3.2853224277496333,3.285322427749634,2738300,0.0,0.0
2018-04-16 00:00:00-04:00,3.2936606407165527,3.301999014032696,3.2769838940842666,3.2936606407165527,2243800,0.0,0.0
2018-04-17 00:00:00-04:00,3.301999096940655,3.3103374704661617,3.260307229313123,3.2769839763641357,15791000,0.0,0.0
2018-04-18 00:00:00-04:00,3.2603071201179037,3.2686454933641387,3.2019383085917585,3.2186150550842285,19029900,0.0,0.0
2018-04-19 00:00:00-04:00,3.2564203725916507,3.2907888929062,3.2478282425130134,3.265012502670288,4336600,0.114,0.0
2018-04-20 00:00:00-04:00,3.2134599685668945,3.230644230041646,3.1962757070921426,3.2134599685668945,9600500,0.0,0.0
2018-04-23 00:00:00-04:00,3.2220523436450006,3.2392366064229017,3.1790916867002483,3.1962759494781494,14550200,0.0,0.0
2018-04-24 00:00:00-04:00,3.2048678458287103,3.2134599765875316,3.1619071920346036,3.179091453552246,13418300,0.0,0.0
2018-04-25 00:00:00-04:00,3.1361308138715875,3.144722944669076,3.1103542166265656,3.1189465522766113,3985700,0.0,0.0
2018-04-26 00:00:00-04:00,3.1189462828954526,3.127538412950845,3.093169687876737,3.101761817932129,5238900,0.0,0.0
2018-04-27 00:00:00-04:00,3.067393539357448,3.093169931554269,3.0588014086251745,3.0759856700897217,3981800,0.0,0.0
2018-04-30 00:00:00-04:00,3.0845778028116912,3.0845778028116912,3.050209279860428,3.0673935413360596,3828800,0.0,0.0
2018-05-01 00:00:00-04:00,3.0502092878420095,3.0502092878420095,3.0158407648008128,3.033025026321411,3515600,0.0,0.0
2018-05-02 00:00:00-04:00,3.0158407728733585,3.0330250344399543,2.9986565113067627,2.9986565113067627,2521000,0.0,0.0
2018-05-03 00:00:00-04:00,3.0330247892378446,3.0416169193265197,3.0072483989718197,3.02443265914917,3285800,0.0,0.0
2018-05-04 00:00:00-04:00,3.0158407608327584,3.05880141457773,3.0072486300837644,3.0502092838287354,3029600,0.0,0.0
2018-05-07 00:00:00-04:00,3.0588014086251745,3.0845778008219953,3.0416171471606273,3.0759856700897217,3539400,0.0,0.0
2018-05-08 00:00:00-04:00,3.0588011741638184,3.075985434311168,3.0502090440901437,3.0588011741638184,2608700,0.0,0.0
2018-05-09 00:00:00-04:00,3.1017620858290775,3.1275386830740994,3.1017620858290775,3.1189465522766113,3739800,0.0,0.0
2018-05-10 00:00:00-04:00,3.1103542166265656,3.118946552276611,3.084577824234101,3.1189465522766113,2077900,0.0,0.0
2018-05-11 00:00:00-04:00,3.127538441232268,3.144722701498445,3.127538441232268,3.1361305713653564,1536100,0.0,0.0
2018-05-14 00:00:00-04:00,3.136130541693719,3.144722671745515,3.110353946685791,3.110353946685791,1722600,0.0,0.0
2018-05-15 00:00:00-04:00,3.093169689178467,3.11894628420803,3.0845775591194586,3.093169689178467,2375500,0.0,0.0
2018-05-16 00:00:00-04:00,3.0759856760757183,3.0759856760757183,3.0502092838287354,3.0502092838287354,1912900,0.0,0.0
2018-05-17 00:00:00-04:00,3.0588014086251745,3.0845778008219953,3.0588014086251745,3.0759856700897217,2737100,0.0,0.0
2018-05-18 00:00:00-04:00,3.05880141457773,3.067393545326724,3.0502092838287354,3.0502092838287354,2589000,0.0,0.0
2018-05-21 00:00:00-04:00,3.0759856720738754,3.0845778028116912,3.0588014105982437,3.0673935413360596,2039000,0.0,0.0
2018-05-22 00:00:00-04:00,3.1103539479875213,3.1189462828954526,3.093169687876737,3.101761817932129,1830200,0.0,0.0
2018-05-23 00:00:00-04:00,3.067393545326724,3.0759856760757183,3.0416171530797413,3.0502092838287354,2627700,0.0,0.0
2018-05-24 00:00:00-04:00,3.0588014186023087,3.0673935493626083,3.033025026321411,3.033025026321411,3669200,0.0,0.0
2018-05-25 00:00:00-04:00,3.0072488757816784,3.0244331386836536,2.9900646128797033,3.015841007232666,4916300,0.0,0.0
2018-05-29 00:00:00-04:00,2.9642879787445335,2.9642879787445335,2.8697743355763365,2.8955507278442383,6408100,0.0,0.0
2018-05-30 00:00:00-04:00,2.9127352196156377,2.9556958737702077,2.9127352196156377,2.929919481277466,4852300,0.0,0.0
2018-05-31 00:00:00-04:00,2.9041428256292323,2.9127349556815805,2.8611819705149526,2.886958360671997,4331500,0.0,0.0
2018-06-01 00:00:00-04:00,2.9127352258658306,2.9299194875645327,2.89555075931457,2.9041430950164795,2845800,0.0,0.0
2018-06-04 00:00:00-04:00,2.9127354621887207,2.921327593735189,2.9041433306422526,2.9127354621887207,2904400,0.0,0.0
2018-06-05 00:00:00-04:00,2.886958840235111,2.886958840235111,2.861182445796257,2.878366708755493,2738000,0.0,0.0
2018-06-06 00:00:00-04:00,2.904142848401542,2.964287759239595,2.904142848401542,2.955695629119873,3530600,0.0,0.0
2018-06-07 00:00:00-04:00,2.9385116079659883,2.94710373878479,2.9299194771471866,2.94710373878479,3234000,0.0,0.0
2018-06-08 00:00:00-04:00,2.9127354621887207,2.921327593735189,2.8955509942432096,2.9127354621887207,3852900,0.0,0.0
2018-06-11 00:00:00-04:00,2.912734746252083,2.9299190051212083,2.9041426168175204,2.9213268756866455,4411600,0.0,0.0
2018-06-12 00:00:00-04:00,2.9213268756866455,2.938511134555771,2.9041426168175204,2.9213268756866455,3947200,0.0,0.0
2018-06-13 00:00:00-04:00,2.9127352258658306,2.9299194875645327,2.89555075931457,2.9041430950164795,4242900,0.0,0.0
2018-06-14 00:00:00-04:00,2.912735439526539,2.921327571006157,2.878366708755493,2.878366708755493,3403500,0.0,0.0
2018-06-15 00:00:00-04:00,2.852590084075928,2.8611822148620507,2.8354058225036827,2.8525900840759277,3361500,0.0,0.0
2018-06-18 00:00:00-04:00,2.8182215690612793,2.8268136998721882,2.7924451766285534,2.8182215690612793,7495100,0.0,0.0
2018-06-19 00:00:00-04:00,2.7924451766285534,2.8182215690612793,2.775260915006736,2.8182215690612793,4801100,0.0,0.0
2018-06-20 00:00:00-04:00,2.8268136998721882,2.8268136998721882,2.8010373074394623,2.8182215690612793,2664600,0.0,0.0
2018-06-21 00:00:00-04:00,2.8182215690612793,2.8354058306830967,2.7924451766285534,2.8182215690612793,6097800,0.0,0.0
2018-06-22 00:00:00-04:00,2.8439979532898056,2.8611822148620507,2.8354058225036827,2.8525900840759277,3992900,0.0,0.0
2018-06-25 00:00:00-04:00,2.8268137019420174,2.843997963576417,2.8010373094904177,2.809629440307617,4444600,0.0,0.0
2018-06-26 00:00:00-04:00,2.8268139307157245,2.8439981937408447,2.801037536178044,2.8439981937408447,5422700,0.0,0.0
2018-06-27 00:00:00-04:00,2.8010370758289467,2.8268134661302895,2.7838528156280518,2.7838528156280518,8199400,0.0,0.0
2018-06-28 00:00:00-04:00,2.8096296676906043,2.8439981937408447,2.8096296676906043,2.8439981937408447,3358000,0.0,0.0
2018-06-29 00:00:00-04:00,2.869774104475059,2.8955504946672033,2.852589844346963,2.8611819744110107,4193000,0.0,0.0
2018-07-02 00:00:00-04:00,2.8354060622282846,2.8697745882785246,2.8268139307157245,2.8439981937408447,5375700,0.0,0.0
2018-07-03 00:00:00-04:00,2.8354058306830967,2.843997961494005,2.809629438250371,2.8182215690612793,5056600,0.0,0.0
2018-07-05 00:00:00-04:00,2.8525900800353474,2.869774341583252,2.843997949261395,2.869774341583252,2880500,0.0,0.0
2018-07-06 00:00:00-04:00,2.8525900800353474,2.8783664723572038,2.843997949261395,2.869774341583252,1965000,0.0,0.0
2018-07-09 00:00:00-04:00,2.9041428256292323,2.9213270857339286,2.878366230619649,2.886958360671997,3242500,0.0,0.0
2018-07-10 00:00:00-04:00,2.886958840235111,2.886958840235111,2.869774577275875,2.878366708755493,2004600,0.0,0.0
2018-07-11 00:00:00-04:00,2.852590084075928,2.8783664764342958,2.8439979532898056,2.8525900840759277,2164000,0.0,0.0
2018-07-12 00:00:00-04:00,2.8611822148620507,2.8697743456481732,2.852590084075928,2.8525900840759277,2025700,0.0,0.0
2018-07-13 00:00:00-04:00,2.852589844346963,2.861181974411011,2.8268134541548187,2.8611819744110107,2104100,0.0,0.0
2018-07-16 00:00:00-04:00,2.8525900800353474,2.8783664723572038,2.843997949261395,2.869774341583252,3097300,0.0,0.0
2018-07-17 00:00:00-04:00,2.843997959424253,2.8525900902289085,2.8268136978149414,2.8268136978149414,7431200,0.0,0.0
2018-07-18 00:00:00-04:00,2.8268137019420174,2.8268137019420174,2.8010373094904177,2.809629440307617,18906300,0.0,0.0
2018-07-19 00:00:00-04:00,2.8010373074394623,2.8354058306830967,2.7924451766285534,2.8182215690612793,8808600,0.0,0.0
2018-07-20 00:00:00-04:00,2.8268136957701633,2.843997957367044,2.8182215649717226,2.8354058265686035,2879500,0.0,0.0
2018-07-23 00:00:00-04:00,2.8268136998721882,2.8354058306830967,2.809629438250371,2.8182215690612793,2819300,0.0,0.0
2018-07-24 00:00:00-04:00,2.8525900800353474,2.8783664723572038,2.8525900800353474,2.869774341583252,4023600,0.0,0.0
2018-07-25 00:00:00-04:00,2.835405584218867,2.869774104475059,2.818221324090771,2.8611819744110107,2676100,0.0,0.0
2018-07-26 00:00:00-04:00,2.8268136957701633,2.861182218963925,2.8268136957701633,2.8354058265686035,3185700,0.0,0.0
2018-07-27 00:00:00-04:00,2.8354060622282846,2.8439981937408447,2.8268139307157245,2.8439981937408447,2724200,0.0,0.0
2018-07-30 00:00:00-04:00,2.8354060622282846,2.8439981937408447,2.8268139307157245,2.8439981937408447,2903700,0.0,0.0
2018-07-31 00:00:00-04:00,2.852590084075928,2.8611822148620507,2.8354058225036827,2.8525900840759277,7958400,0.0,0.0
2018-08-01 00:00:00-04:00,2.886958360671997,2.8955504907243452,2.878366230619649,2.886958360671997,2940400,0.0,0.0
2018-08-02 00:00:00-04:00,2.8525903252534044,2.8611824567659645,2.8182217992031644,2.8439981937408447,3514400,0.0,0.0
2018-08-03 00:00:00-04:00,2.8268136978149414,2.843997959424253,2.8182215670102857,2.8268136978149414,2952700,0.0,0.0
2018-08-06 00:00:00-04:00,2.801037311553955,2.809629442377485,2.7838530499068956,2.801037311553955,3102400,0.0,0.0
2018-08-07 00:00:00-04:00,2.809629442377485,2.809629442377485,2.7924451807304256,2.801037311553955,3633100,0.0,0.0
2018-08-08 00:00:00-04:00,2.775260685527604,2.8010370758289467,2.7666685554271564,2.7838528156280518,4908700,0.0,0.0
2018-08-09 00:00:00-04:00,2.775260685527604,2.792444945728499,2.7666685554271564,2.7838528156280518,6516500,0.0,0.0
2018-08-10 00:00:00-04:00,2.7323002901205413,2.749484551925807,2.6979317665100098,2.6979317665100098,7953000,0.0,0.0
2018-08-13 00:00:00-04:00,2.7151157897811045,2.723707919928883,2.680747064337448,2.6893393993377686,5002500,0.0,0.0
2018-08-14 00:00:00-04:00,2.6807472747209506,2.6893396103955927,2.6549708822546982,2.6635630130767822,7133400,0.0,0.0
2018-08-15 00:00:00-04:00,2.637786628911256,2.6463787597603785,2.620602367213012,2.629194498062134,7387800,0.0,0.0
2018-08-16 00:00:00-04:00,2.6782070719838567,2.695711677002991,2.6431978619455867,2.6607024669647217,7837200,0.056,0.0
2018-08-17 00:00:00-04:00,2.660702832365132,2.686959743499756,2.6519505286535905,2.686959743499756,13364800,0.0,0.0
2018-08-20 00:00:00-04:00,2.678207244970231,2.7132164572697586,2.678207244970231,2.695711851119995,3597000,0.0,0.0
2018-08-21 00:00:00-04:00,2.7307214736938477,2.756978595534832,2.7307214736938477,2.7307214736938477,9976800,0.0,0.0
2018-08-22 00:00:00-04:00,2.774483162105833,2.783235466362545,2.765730857849121,2.765730857849121,12229900,0.0,0.0
2018-08-23 00:00:00-04:00,2.7394737048864743,2.7569783118651237,2.6957119787684762,2.72196888923645,16312400,0.0,0.0
2018-08-24 00:00:00-04:00,2.748225884408612,2.756978187503137,2.730721069548196,2.739473581314087,2429100,0.0,0.0
2018-08-27 00:00:00-04:00,2.7482255822356274,2.7832347907643937,2.7482255822356274,2.774482488632202,2315200,0.0,0.0
2018-08-28 00:00:00-04:00,2.774482793692187,2.774482793692187,2.739473581314087,2.739473581314087,3918800,0.0,0.0
2018-08-29 00:00:00-04:00,2.721968851251604,2.765730576758911,2.713216547884417,2.7569782733917236,3042300,0.0,0.0
2018-08-30 00:00:00-04:00,2.7482262911449693,2.7482262911449693,2.713216864914123,2.7307214736938477,2237300,0.0,0.0
2018-08-31 00:00:00-04:00,2.7132167395628968,2.7132167395628968,2.695712131591889,2.7044644355773926,3387100,0.0,0.0
2018-09-04 00:00:00-04:00,2.704464239845563,2.7307211499017683,2.6869596331414267,2.713216543197632,4366800,0.0,0.0
2018-09-05 00:00:00-04:00,2.7744828801260977,2.7832351834932845,2.73947366665735,2.7569782733917236,5572500,0.0,0.0
2018-09-06 00:00:00-04:00,2.7482259652772765,2.756978268629345,2.704464239845563,2.713216543197632,3201500,0.0,0.0
2018-09-07 00:00:00-04:00,2.6869593744934237,2.6869593744934237,2.6607024669647217,2.6607024669647217,2741200,0.0,0.0
2018-09-10 00:00:00-04:00,2.7132167395628968,2.721969043548401,2.7044644355773926,2.7044644355773926,3000800,0.0,0.0
2018-09-11 00:00:00-04:00,2.6869598276063846,2.7044644355773926,2.6869598276063846,2.7044644355773926,2727500,0.0,0.0
2018-09-12 00:00:00-04:00,2.686959548045113,2.7044641541948766,2.678207244970231,2.695711851119995,2474500,0.0,0.0
2018-09-13 00:00:00-04:00,2.7307211499017683,2.7394736619252082,2.713216543197632,2.713216543197632,2893800,0.0,0.0
2018-09-14 00:00:00-04:00,2.7132166117538055,2.7132166117538055,2.6694550938877204,2.6782073974609375,5780500,0.0,0.0
2018-09-17 00:00:00-04:00,2.713216864914123,2.7482262911449693,2.713216864914123,2.7307214736938477,5404200,0.0,0.0
2018-09-18 00:00:00-04:00,2.7307211546187906,2.7569782733917236,2.7307211546187906,2.7569782733917236,3019900,0.0,0.0
2018-09-19 00:00:00-04:00,2.783234964749533,2.8182441754667895,2.783234964749533,2.8094918727874756,3315000,0.0,0.0
2018-09-20 00:00:00-04:00,2.870758142439531,2.8970150518576268,2.853253536160801,2.8882627487182617,4267300,0.0,0.0
2018-09-21 00:00:00-04:00,2.8357491069696223,2.8445014106555533,2.81824449959776,2.8269968032836914,3961100,0.0,0.0
2018-09-24 00:00:00-04:00,2.8620058201463023,2.8707581232270933,2.8269966078231397,2.8357489109039307,1996600,0.0,0.0
2018-09-25 00:00:00-04:00,2.8269968731560127,2.8357491770582666,2.7744830497424893,2.791987657546997,16423400,0.0,0.0
2018-09-26 00:00:00-04:00,2.791987443509356,2.8007397467406463,2.7482259273529053,2.7482259273529053,23495900,0.0,0.0
2018-09-27 00:00:00-04:00,2.765730857849121,2.791987770619257,2.765730857849121,2.765730857849121,4094400,0.0,0.0
2018-09-28 00:00:00-04:00,2.695711677002991,2.695711677002991,2.6607024669647217,2.6607024669647217,6914200,0.0,0.0
2018-10-01 00:00:00-04:00,2.669454681550969,2.6782069837722635,2.634445472665791,2.643197774887085,16602200,0.0,0.0
2018-10-02 00:00:00-04:00,2.6081887378463744,2.6081887378463744,2.564427223856608,2.5819318294525146,28691900,0.0,0.0
2018-10-03 00:00:00-04:00,2.6256935596466064,2.6431981666838738,2.616941256127973,2.6256935596466064,22487900,0.0,0.0
2018-10-04 00:00:00-04:00,2.6519505130052177,2.669455120325011,2.625693602025528,2.634445905685425,28839800,0.0,0.0
2018-10-05 00:00:00-04:00,2.6694552056423118,2.686959813521562,2.634445989883811,2.6519505977630615,28417600,0.0,0.0
2018-10-08 00:00:00-04:00,2.643198293823436,2.6519505977630615,2.6169413820045606,2.6519505977630615,16997500,0.0,0.0
2018-10-09 00:00:00-04:00,2.5994366068549364,2.63444582036064,2.581932000102085,2.616941213607788,5772300,0.0,0.0
2018-10-10 00:00:00-04:00,2.6869598982720686,2.704464506703439,2.660702985625013,2.6694552898406982,6869100,0.0,0.0
2018-10-11 00:00:00-04:00,2.678207337242769,2.678207337242769,2.6081889102313625,2.616941213607788,7513800,0.0,0.0
2018-10-12 00:00:00-04:00,2.6782069837722635,2.686959285993558,2.616940868223202,2.643197774887085,7183900,0.0,0.0
2018-10-15 00:00:00-04:00,2.6256931704444963,2.6782069837722635,2.6081885660019073,2.643197774887085,9711000,0.0,0.0
2018-10-16 00:00:00-04:00,2.6169412983656315,2.643198209345321,2.608188994705735,2.634445905685425,4135300,0.0,0.0
2018-10-17 00:00:00-04:00,2.6169412983656315,2.643198209345321,2.599436691045838,2.634445905685425,4006700,0.0,0.0
2018-10-18 00:00:00-04:00,2.6081888048760136,2.6081888048760136,2.5469226837158203,2.5469226837158203,6783200,0.0,0.0
2018-10-19 00:00:00-04:00,2.5556748998137744,2.573179505264168,2.520665688912987,2.5294179916381836,5272000,0.0,0.0
2018-10-22 00:00:00-04:00,2.564427202538971,2.573179505264168,2.511913177516433,2.5294179916381836,6394100,0.0,0.0
2018-10-23 00:00:00-04:00,2.5294185099953417,2.555675423551797,2.5031613877674865,2.53817081451416,18739100,0.0,0.0
2018-10-24 00:00:00-04:00,2.5469230347472407,2.5469230347472407,2.459399783784077,2.4769043922424316,14559000,0.0,0.0
2018-10-25 00:00:00-04:00,2.581931939265237,2.581931939265237,2.5294181202440407,2.5556750297546387,10117400,0.0,0.0
2018-10-26 00:00:00-04:00,2.511913299560547,2.5294181145327883,2.4944086932596723,2.511913299560547,5983300,0.0,0.0
2018-10-29 00:00:00-04:00,2.555675223616343,2.564427527450452,2.4944088881061988,2.5031611919403076,6445400,0.0,0.0
2018-10-30 00:00:00-04:00,2.5031609964101094,2.5206658113823512,2.485656390109235,2.511913299560547,6177500,0.0,0.0
2018-10-31 00:00:00-04:00,2.5206658113823512,2.546922720833663,2.511913299560547,2.511913299560547,5554300,0.0,0.0
2018-11-01 00:00:00-04:00,2.625693685944186,2.6607029017026864,2.625693685944186,2.6519505977630615,4892800,0.0,0.0
2018-11-02 00:00:00-04:00,2.6869598982720686,2.6869598982720686,2.6431983771936425,2.6694552898406982,5244200,0.0,0.0
2018-11-05 00:00:00-05:00,2.651950164455154,2.669454769474289,2.6256932569264517,2.6607024669647217,7619500,0.0,0.0
2018-11-06 00:00:00-05:00,2.6256935596466064,2.63444586316524,2.590684345572072,2.6256935596466064,6229400,0.0,0.0
2018-11-07 00:00:00-05:00,2.6694552898406982,2.678207594056383,2.634446072977957,2.6694552898406982,3372800,0.0,0.0
2018-11-08 00:00:00-05:00,2.695712047211297,2.7219689583459212,2.6782074397882143,2.686959743499756,4072600,0.0,0.0
2018-11-09 00:00:00-05:00,2.686959743499756,2.7132166546343797,2.660702832365132,2.686959743499756,7543900,0.0,0.0
2018-11-12 00:00:00-05:00,2.6169410406443276,2.6169410406443276,2.564427223856608,2.5819318294525146,7666000,0.0,0.0
2018-11-13 00:00:00-05:00,2.608189010095884,2.7044643509228385,2.608189010095884,2.686959743499756,23403700,0.0,0.0
2018-11-14 00:00:00-05:00,2.669454681550969,2.7044638904361467,2.5994362637806128,2.643197774887085,33648200,0.0,0.0
2018-11-15 00:00:00-05:00,2.459399783784077,2.4944090007007858,2.4506474795549003,2.4769043922424316,19548800,0.0,0.0
2018-11-16 00:00:00-05:00,2.450647311716914,2.4681519189764267,2.4243904008276456,2.441895008087158,12439200,0.0,0.0
2018-11-19 00:00:00-05:00,2.4944088881061988,2.529418312114017,2.4681519766038726,2.5031611919403076,10990000,0.0,0.0
2018-11-20 00:00:00-05:00,2.468151721566843,2.476904024496566,2.4418948127776745,2.4506471157073975,15834700,0.0,0.0
2018-11-21 00:00:00-05:00,2.485656499862671,2.5206659226816184,2.4681518927888857,2.485656499862671,6591100,0.0,0.0
2018-11-23 00:00:00-05:00,2.538170380692936,2.56442728976159,2.529418077670051,2.5469226837158203,4715300,0.0,0.0
2018-11-26 00:00:00-05:00,2.5731795266545614,2.599436435048421,2.555674921058655,2.5819318294525146,9872300,0.0,0.0
2018-11-27 00:00:00-05:00,2.520666205476523,2.5819323371082525,2.5031613877674865,2.53817081451416,19804900,0.0,0.0
2018-11-28 00:00:00-05:00,2.5294181202440407,2.581931939265237,2.5031610020620745,2.5556750297546387,10928800,0.0,0.0
2018-11-29 00:00:00-05:00,2.5206658840179443,2.5469227942258765,2.5031610685412833,2.5206658840179443,10547200,0.0,0.0
2018-11-30 00:00:00-05:00,2.4681520880132544,2.4856566964716085,2.459399783784077,2.4769043922424316,11457200,0.0,0.0
2018-12-03 00:00:00-05:00,2.4944088881061988,2.5206660082799086,2.4769042804379815,2.5031611919403076,7976000,0.0,0.0
2018-12-04 00:00:00-05:00,2.4944089011491997,2.5031612050290732,2.3893812545907167,2.406885862350464,11057500,0.0,0.0
2018-12-06 00:00:00-05:00,2.4418948127776745,2.45939941863712,2.4068856010587827,2.4506471157073975,16387600,0.0,0.0
2018-12-07 00:00:00-05:00,2.433142644723323,2.450647251553094,2.345619610574466,2.380628824234009,12146200,0.0,0.0
2018-12-10 00:00:00-05:00,2.3368674445489765,2.363124356337333,2.2756011083714256,2.31061053276062,13315900,0.0,0.0
2018-12-11 00:00:00-05:00,2.301858459923476,2.310610764731605,2.196830593554518,2.2143352031707764,33141100,0.0,0.0
2018-12-12 00:00:00-05:00,2.3018580283597476,2.345619544195769,2.2668486070195635,2.2756009101867676,32136400,0.0,0.0
2018-12-13 00:00:00-05:00,2.310610331526952,2.3281149378613604,2.2493440006851553,2.2756009101867676,27826800,0.0,0.0
2018-12-14 00:00:00-05:00,2.2756008237788636,2.2931054294485964,2.2493439152742645,2.258096218109131,25699400,0.0,0.0
2018-12-17 00:00:00-05:00,2.2580967272114227,2.2756013368276813,2.205582898362647,2.2143352031707764,20430200,0.0,0.0
2018-12-18 00:00:00-05:00,2.2756009781647037,2.2843532815933614,2.2230871575927584,2.2405917644500732,15944800,0.0,0.0
2018-12-19 00:00:00-05:00,2.2668485878381603,2.28435319402445,2.196830163093002,2.2230870723724365,17953100,0.0,0.0
2018-12-20 00:00:00-05:00,2.214334683047106,2.2318392885517193,2.1793254720378803,2.2055823802948,12888700,0.0,0.0
2018-12-21 00:00:00-05:00,2.223086808464352,2.258096016680902,2.1705729961395264,2.1705729961395264,16863000,0.0,0.0
2018-12-24 00:00:00-05:00,2.161820694085389,2.196829902301939,2.1443160899771136,2.1705729961395264,8263200,0.0,0.0
2018-12-26 00:00:00-05:00,2.179325665615112,2.205582576204285,2.1355641479664906,2.1968302726745605,14630400,0.0,0.0
2018-12-27 00:00:00-05:00,2.1793253858111483,2.196829990623178,2.12681157137506,2.188077688217163,29247600,0.0,0.0
2018-12-28 00:00:00-05:00,2.214335048436768,2.2493442652229003,2.188078135847169,2.231839656829834,13646100,0.0,0.0
2018-12-31 00:00:00-05:00,2.249344067878731,2.2756009781647037,2.205582550735443,2.2405917644500732,13897000,0.0,0.0
2019-01-02 00:00:00-05:00,2.188077943878128,2.266848674736046,2.188077943878128,2.2405917644500732,8042300,0.0,0.0
2019-01-03 00:00:00-05:00,2.231839656829834,2.2493442652229003,2.214335048436768,2.231839656829834,7189800,0.0,0.0
2019-01-04 00:00:00-05:00,2.2931053722851353,2.3631240018899735,2.2843530696684495,2.336867094039917,10671400,0.0,0.0
2019-01-07 00:00:00-05:00,2.3543720665927674,2.3893812825215037,2.3456197626105832,2.363124370574951,11053100,0.0,0.0
2019-01-08 00:00:00-05:00,2.3718764781951904,2.3893810847103945,2.336867265164783,2.3718764781951904,7427300,0.0,0.0
2019-01-09 00:00:00-05:00,2.3893810847103945,2.406885691225598,2.3631241749375884,2.3718764781951904,6502600,0.0,0.0
2019-01-10 00:00:00-05:00,2.3893810604643373,2.4243902731394917,2.3893810604643373,2.415637969970703,6948100,0.0,0.0
2019-01-11 00:00:00-05:00,2.4156379463305364,2.4681517648293516,2.3981333401642644,2.459399461746216,21386000,0.0,0.0
2019-01-14 00:00:00-05:00,2.4243904574333293,2.538170615948126,2.4156381535992204,2.5031611919403076,16730700,0.0,0.0
2019-01-15 00:00:00-05:00,2.476904392242431,2.4856566964716085,2.415638262638192,2.4769043922424316,13479400,0.0,0.0
2019-01-16 00:00:00-05:00,2.4944086932596723,2.538170417683226,2.4944086932596723,2.511913299560547,15687100,0.0,0.0
2019-01-17 00:00:00-05:00,2.511913177516433,2.5469225970885776,2.503160874791236,2.5294179916381836,8546200,0.0,0.0
2019-01-18 00:00:00-05:00,2.5906846936726615,2.6169416077566057,2.5731800842833654,2.5994369983673096,8695400,0.0,0.0
2019-01-22 00:00:00-05:00,2.5731795266545614,2.590684132250468,2.564427223856608,2.5819318294525146,8450200,0.0,0.0
2019-01-23 00:00:00-05:00,2.5906846936726615,2.6081893030619576,2.564427779588718,2.5994369983673096,4870100,0.0,0.0
2019-01-24 00:00:00-05:00,2.608188952609339,2.63444586316524,2.590684345572072,2.6256935596466064,6722100,0.0,0.0
2019-01-25 00:00:00-05:00,2.6431982249420494,2.695712047211297,2.6431982249420494,2.686959743499756,5059800,0.0,0.0
2019-01-28 00:00:00-05:00,2.6256935596466064,2.6431981666838738,2.581932042053438,2.6256935596466064,20212300,0.0,0.0
2019-01-29 00:00:00-05:00,2.6081887378463744,2.625693343442281,2.564427223856608,2.5819318294525146,12032600,0.0,0.0
2019-01-30 00:00:00-05:00,2.6256935596466064,2.660702773721141,2.608188952609339,2.6256935596466064,10883700,0.0,0.0
2019-01-31 00:00:00-05:00,2.625693685944186,2.678207509581937,2.6081890780649353,2.6519505977630615,11737400,0.0,0.0
2019-02-01 00:00:00-05:00,2.6256931704444963,2.65195007710838,2.616940868223202,2.643197774887085,3407400,0.0,0.0
2019-02-04 00:00:00-05:00,2.6169411708022334,2.6344457772687604,2.599436564335706,2.6081888675689697,4212400,0.0,0.0
2019-02-05 00:00:00-05:00,2.608188952609339,2.6256935596466064,2.590684345572072,2.6256935596466064,4980900,0.0,0.0
2019-02-06 00:00:00-05:00,2.6256935596466064,2.6431981666838738,2.608188952609339,2.6256935596466064,5119800,0.0,0.0
2019-02-07 00:00:00-05:00,2.6081887378463744,2.625693343442281,2.5731795266545614,2.5819318294525146,4549400,0.0,0.0
2019-02-08 00:00:00-05:00,2.5731797218322754,2.5819320252940976,2.5469228114468083,2.5731797218322754,3780700,0.0,0.0
2019-02-11 00:00:00-05:00,2.5819318958073594,2.590684198830244,2.538170380692936,2.5469226837158203,11163800,0.0,0.0
2019-02-12 00:00:00-05:00,2.5819318294525146,2.599436435048421,2.5731795266545614,2.5819318294525146,21206700,0.0,0.0
2019-02-13 00:00:00-05:00,2.5819318294525146,2.590684132250468,2.564427223856608,2.5819318294525146,9742400,0.0,0.0
2019-02-14 00:00:00-05:00,2.5469231190329786,2.573180032589434,2.5294185099953417,2.53817081451416,4563500,0.0,0.0
2019-02-15 00:00:00-05:00,2.5819321101604076,2.5994367176594166,2.5819321101604076,2.590684413909912,18270600,0.0,0.0
2019-02-19 00:00:00-05:00,2.5994367176594166,2.6256936289079302,2.5819321101604076,2.590684413909912,15837000,0.0,0.0
2019-02-20 00:00:00-05:00,2.756978553592409,2.783235466362545,2.756978553592409,2.765730857849121,10538500,0.0,0.0
2019-02-21 00:00:00-05:00,2.713216543197632,2.7219688465497,2.695711936493495,2.713216543197632,4528200,0.0,0.0
2019-02-22 00:00:00-05:00,2.7132167395628968,2.7132167395628968,2.695712131591889,2.7044644355773926,2785000,0.0,0.0
2019-02-25 00:00:00-05:00,2.721969169303985,2.7482262911449693,2.713216864914123,2.7307214736938477,2434300,0.0,0.0
2019-02-26 00:00:00-05:00,2.809492195911829,2.8445014106555533,2.7919875885399668,2.8269968032836914,5994200,0.0,0.0
2019-02-27 00:00:00-05:00,2.8970150518576268,2.914519658136357,2.8795104455788967,2.8882627487182617,9930400,0.0,0.0
2019-02-28 00:00:00-05:00,2.888262834000308,2.9232720475914893,2.888262834000308,2.9057674407958984,8814800,0.0,0.0
2019-03-01 00:00:00-05:00,2.8970151629199887,2.91451976986979,2.853253645545485,2.8620059490203857,7710200,0.0,0.0
2019-03-04 00:00:00-05:00,2.8707582524952864,2.888262859445088,2.8445013420705845,2.8620059490203857,3985700,0.0,0.0
2019-03-05 00:00:00-05:00,2.853253687849867,2.8707582950592037,2.844501384245198,2.870758295059204,3959700,0.0,0.0
2019-03-06 00:00:00-05:00,2.8532536029815674,2.862005906325904,2.835748996292894,2.8532536029815674,3657300,0.0,0.0
2019-03-07 00:00:00-05:00,2.8182441754667895,2.826996478146104,2.7744826620702185,2.8094918727874756,5170900,0.0,0.0
2019-03-08 00:00:00-05:00,2.7744830497424893,2.800739961449251,2.7744830497424893,2.791987657546997,2442900,0.0,0.0
2019-03-11 00:00:00-04:00,2.7919872674288473,2.835748780825418,2.7919872674288473,2.8094918727874756,5101100,0.0,0.0
2019-03-12 00:00:00-04:00,2.8357491069696223,2.8620060180274156,2.81824449959776,2.8269968032836914,3877100,0.0,0.0
2019-03-13 00:00:00-04:00,2.8532537298970797,2.88826294483167,2.844501426163432,2.8795106410980225,4356400,0.0,0.0
2019-03-14 00:00:00-04:00,2.9320244365266657,2.9407767401797966,2.905767525567274,2.923272132873535,4975200,0.0,0.0
2019-03-15 00:00:00-04:00,2.958281643411429,2.993290859056542,2.958281643411429,2.9845385551452637,4671300,0.0,0.0
2019-03-18 00:00:00-04:00,3.0195476157279657,3.0195476157279657,2.9845384018806764,3.0020430088043213,4762100,0.0,0.0
2019-03-19 00:00:00-04:00,3.0195478132874563,3.037052421356372,2.984538597149624,2.993290901184082,3961300,0.0,0.0
2019-03-20 00:00:00-04:00,2.9582815170288086,2.993290731178271,2.9407767012827013,2.9582815170288086,6655100,0.0,0.0
2019-03-21 00:00:00-04:00,2.853253645545485,2.879510555970187,2.8445013420705845,2.8620059490203857,8068100,0.0,0.0
2019-03-22 00:00:00-04:00,2.844501608547943,2.853253912842773,2.818244695663452,2.818244695663452,8281500,0.0,0.0
2019-03-25 00:00:00-04:00,2.835749304253113,2.853253912842773,2.800740087073792,2.818244695663452,6245600,0.0,0.0
2019-03-26 00:00:00-04:00,2.818244304742349,2.8357489109039307,2.8094920016615585,2.8357489109039307,5392200,0.0,0.0
2019-03-27 00:00:00-04:00,2.8532537298970797,2.88826294483167,2.8357491224297844,2.8795106410980225,8817900,0.0,0.0
2019-03-28 00:00:00-04:00,2.844501608547943,2.853253912842773,2.800740087073792,2.818244695663452,6101200,0.0,0.0
2019-03-29 00:00:00-04:00,2.8182441754667895,2.8182441754667895,2.7569780567115902,2.8094918727874756,7689100,0.0,0.0
2019-04-01 00:00:00-04:00,2.853253687849867,2.888262902268541,2.844501384245198,2.870758295059204,6687200,0.0,0.0
2019-04-02 00:00:00-04:00,2.870758227204717,2.9232720475914893,2.862005923806922,2.9057674407958984,7709300,0.0,0.0
2019-04-03 00:00:00-04:00,2.967033820566174,2.984538427640905,2.9495290048200666,2.9582815170288086,7372900,0.0,0.0
2019-04-04 00:00:00-04:00,2.9510392616379417,2.960091520705244,2.9148302253687333,2.923882484436035,4813000,0.112,0.0
2019-04-05 00:00:00-04:00,2.905777931213379,2.9238824491293665,2.896725672255385,2.905777931213379,3756700,0.0,0.0
2019-04-08 00:00:00-04:00,2.9148302601328955,2.9419870376586914,2.9148302601328955,2.9419870376586914,3685100,0.0,0.0
2019-04-09 00:00:00-04:00,2.9329349994659424,2.9510395191805614,2.923882739608633,2.9329349994659424,3696000,0.0,0.0
2019-04-10 00:00:00-04:00,2.9419873257263753,2.9781963659728814,2.932935065664749,2.969144105911255,9245000,0.0,0.0
2019-04-11 00:00:00-04:00,2.987248454852203,3.023457493023774,2.97819619530931,3.0053529739379883,7348400,0.0,0.0
2019-04-12 00:00:00-04:00,3.0415621363761685,3.0687191319372698,3.0325098764634353,3.059666872024536,9960600,0.0,0.0
2019-04-15 00:00:00-04:00,3.0596669216795953,3.095875961918163,3.0506144457970494,3.0868237018585205,14250000,0.0,0.0
2019-04-16 00:00:00-04:00,3.086823446138343,3.104927964757803,3.077771186828613,3.0777711868286133,6353900,0.0,0.0
2019-04-17 00:00:00-04:00,3.104928067667309,3.1320848464965816,3.095875808057552,3.132084846496582,3878500,0.0,0.0
2019-04-18 00:00:00-04:00,3.0687191319372698,3.0868236517627365,3.050614396288902,3.059666872024536,4624800,0.0,0.0
2019-04-22 00:00:00-04:00,3.0777713522059265,3.0777713522059265,3.0415620971984954,3.050614356994629,2644400,0.0,0.0
2019-04-23 00:00:00-04:00,3.0415620971984954,3.0687190924097933,3.0234575776062282,3.050614356994629,7920500,0.0,0.0
2019-04-24 00:00:00-04:00,3.0144052334808813,3.032509752566667,2.987248454852203,3.0053529739379883,8913800,0.0,0.0
2019-04-25 00:00:00-04:00,2.9419872927285042,2.9691440726087883,2.9329350327684094,2.9510395526885986,5578200,0.0,0.0
2019-04-26 00:00:00-04:00,2.923882739608633,2.9510395191805614,2.9057782198940143,2.9329349994659424,4542100,0.0,0.0
2019-04-29 00:00:00-04:00,2.9419873257263753,2.9781963659728814,2.9419873257263753,2.969144105911255,2826600,0.0,0.0
2019-04-30 00:00:00-04:00,2.9510392968339567,2.9510392968339567,2.923882519308161,2.9419870376586914,3515800,0.0,0.0
2019-05-01 00:00:00-04:00,2.9781960743597526,2.9963005927102833,2.923882519308161,2.9419870376586914,5043500,0.0,0.0
2019-05-02 00:00:00-04:00,2.923882739608633,2.9510395191805614,2.9148304797513234,2.9329349994659424,3380000,0.0,0.0
2019-05-03 00:00:00-04:00,2.932935065664749,2.9781963659728814,2.9238828056031223,2.969144105911255,3185900,0.0,0.0
2019-05-06 00:00:00-04:00,2.905777966301431,2.9510392616379417,2.8876734481668267,2.923882484436035,2958700,0.0,0.0
2019-05-07 00:00:00-04:00,2.896726131439209,2.9057783918321505,2.8786216106533256,2.896726131439209,4008800,0.0,0.0
2019-05-08 00:00:00-04:00,2.8786213568145946,2.8967258760040093,2.8605168376251795,2.8876736164093018,3309300,0.0,0.0
2019-05-09 00:00:00-04:00,2.8514645271421597,2.8786213054416323,2.8333600082758448,2.8605167865753174,3516100,0.0,0.0
2019-05-10 00:00:00-04:00,2.8605168207155813,2.88767359933917,2.842412301633189,2.8786213397979736,3635100,0.0,0.0
2019-05-13 00:00:00-04:00,2.815255352747776,2.824307612435471,2.769994054309303,2.7880985736846924,5455500,0.0,0.0
2019-05-14 00:00:00-04:00,2.806203143667732,2.833360139043466,2.797150883816787,2.8152554035186768,4688200,0.0,0.0
2019-05-15 00:00:00-04:00,2.788098623965842,2.824307663369622,2.779046364114897,2.8152554035186768,3021000,0.0,0.0
2019-05-16 00:00:00-04:00,2.8152551475165577,2.8333598813950127,2.80620288848877,2.8062028884887695,2849800,0.0,0.0
2019-05-17 00:00:00-04:00,2.769994003371941,2.7880985224144066,2.7518894843294754,2.760941743850708,3670400,0.0,0.0
2019-05-20 00:00:00-04:00,2.724732859243772,2.733785119274898,2.70662833918152,2.7156805992126465,3814900,0.0,0.0
2019-05-21 00:00:00-04:00,2.7609417267043956,2.788098505099442,2.75188946723938,2.75188946723938,5346100,0.0,0.0
2019-05-22 00:00:00-04:00,2.7066285291300507,2.72473305046286,2.6885240077972408,2.688524007797241,4260900,0.0,0.0
2019-05-23 00:00:00-04:00,2.625158087791629,2.6523148688045604,2.616105827453985,2.6342103481292725,5125700,0.0,0.0
2019-05-24 00:00:00-04:00,2.6704192329602647,2.6885237525744037,2.652314713346126,2.679471492767334,4127900,0.0,0.0
2019-05-28 00:00:00-04:00,2.6342102987996676,2.643262558967794,2.607053518295288,2.607053518295288,4287700,0.0,0.0
2019-05-29 00:00:00-04:00,2.607053550954889,2.6251580715179443,2.588948814568924,2.6251580715179443,4632800,0.0,0.0
2019-05-30 00:00:00-04:00,2.625158191851723,2.6342104525481944,2.552739890457033,2.5708444118499756,13554200,0.0,0.0
2019-05-31 00:00:00-04:00,2.579896672546447,2.59800119393939,2.5617921511535044,2.5708444118499756,7918900,0.0,0.0
2019-06-03 00:00:00-04:00,2.552739890457033,2.5889489332429183,2.552739890457033,2.5708444118499756,5638800,0.0,0.0
2019-06-04 00:00:00-04:00,2.625158087791629,2.6342103481292725,2.607053567116341,2.6342103481292725,3683900,0.0,0.0
2019-06-05 00:00:00-04:00,2.598001074850452,2.634210331799472,2.588948814568924,2.6251580715179443,3990800,0.0,0.0
2019-06-06 00:00:00-04:00,2.616105556488037,2.6251578158880835,2.579896303064964,2.616105556488037,5077700,0.0,0.0
2019-06-07 00:00:00-04:00,2.6251580715179443,2.643262592081,2.607053550954889,2.6251580715179443,3718200,0.0,0.0
2019-06-10 00:00:00-04:00,2.634210331799472,2.6523148523625273,2.6251580715179443,2.6251580715179443,3952500,0.0,0.0
2019-06-11 00:00:00-04:00,2.6432626084669164,2.6523148688045604,2.6342103481292725,2.6342103481292725,3176700,0.0,0.0
2019-06-12 00:00:00-04:00,2.643262558967794,2.6523148191359205,2.598001042304255,2.607053518295288,5871400,0.0,0.0
2019-06-13 00:00:00-04:00,2.616105556488037,2.63421007528813,2.616105556488037,2.616105556488037,4579800,0.0,0.0
2019-06-14 00:00:00-04:00,2.6070534624252213,2.6070534624252213,2.5708442067057864,2.5889487266540527,4249800,0.0,0.0
2019-06-17 00:00:00-04:00,2.588948470703347,2.607053204684631,2.5798962116241455,2.5798962116241455,2640900,0.0,0.0
2019-06-18 00:00:00-04:00,2.5798964832011757,2.6161057391524896,2.5798964832011757,2.598001003265381,4473400,0.0,0.0
2019-06-19 00:00:00-04:00,2.643262640903202,2.6704194222493824,2.643262640903202,2.6523149013519287,3169200,0.0,0.0
2019-06-20 00:00:00-04:00,2.6523149013519287,2.661367161800656,2.634210380454475,2.6523149013519287,2844700,0.0,0.0
2019-06-21 00:00:00-04:00,2.634209889143069,2.679471182944935,2.616105371622323,2.6432621479034424,6975100,0.0,0.0
2019-06-24 00:00:00-04:00,2.607053479120387,2.625157999184592,2.5889487432332783,2.598001003265381,4563300,0.0,0.0
2019-06-25 00:00:00-04:00,2.5889484352673886,2.5889484352673886,2.5617916584014893,2.5617916584014893,4975600,0.0,0.0
2019-06-26 00:00:00-04:00,2.5708444118499756,2.579896672546447,2.5708444118499756,2.5708444118499756,7233900,0.0,0.0
2019-06-27 00:00:00-04:00,2.5798965219680023,2.6161057784634147,2.570844261799876,2.607053518295288,5821500,0.0,0.0
2019-06-28 00:00:00-04:00,2.579896672546447,2.59800119393939,2.5708444118499756,2.5708444118499756,5785100,0.0,0.0
2019-07-01 00:00:00-04:00,2.598001042304255,2.607053518295288,2.588948782136129,2.607053518295288,5423400,0.0,0.0
2019-07-02 00:00:00-04:00,2.607053518295288,2.607053518295288,2.598001042304255,2.607053518295288,2301800,0.0,0.0
2019-07-03 00:00:00-04:00,2.6251578158880835,2.63421007528813,2.616105556488037,2.616105556488037,2108200,0.0,0.0
2019-07-05 00:00:00-04:00,2.6251578158880835,2.63421007528813,2.58894856246501,2.616105556488037,2752100,0.0,0.0
2019-07-08 00:00:00-04:00,2.5889487266540527,2.6161057223993547,2.5708442067057864,2.5889487266540527,4566100,0.0,0.0
2019-07-09 00:00:00-04:00,2.5798962116241455,2.598000729782549,2.570843952544944,2.5798962116241455,3989100,0.0,0.0
2019-07-10 00:00:00-04:00,2.625157999184592,2.6342102592166947,2.5889487432332783,2.598001003265381,2796800,0.0,0.0
2019-07-11 00:00:00-04:00,2.6161057784634147,2.6161057784634147,2.588948782136129,2.607053518295288,2817900,0.0,0.0
2019-07-12 00:00:00-04:00,2.598001003265381,2.607053479120387,2.5889487432332783,2.598001003265381,1794100,0.0,0.0
2019-07-15 00:00:00-04:00,2.598000986628186,2.6070534624252213,2.5708442067057864,2.5889487266540527,4752400,0.0,0.0
2019-07-16 00:00:00-04:00,2.5708439173567887,2.598000694222688,2.5617916584014893,2.5617916584014893,3567300,0.0,0.0
2019-07-17 00:00:00-04:00,2.5708439173567887,2.5798961763120887,2.5617916584014893,2.5617916584014893,2346900,0.0,0.0
2019-07-18 00:00:00-04:00,2.5708444118499756,2.5889489332429183,2.5617921511535044,2.5708444118499756,2315400,0.0,0.0
2019-07-19 00:00:00-04:00,2.5527395862213287,2.561791845838951,2.534635066986084,2.534635066986084,2525800,0.0,0.0
2019-07-22 00:00:00-04:00,2.543687343597412,2.543687343597412,2.525582824241216,2.543687343597412,2527400,0.0,0.0
2019-07-23 00:00:00-04:00,2.543687326603706,2.5527395862213287,2.5255828073684614,2.534635066986084,4145100,0.0,0.0
2019-07-24 00:00:00-04:00,2.5436873604705954,2.5708441396850303,2.5436873604705954,2.5527396202087402,2399800,0.0,0.0
2019-07-25 00:00:00-04:00,2.552739569044895,2.561791828601608,2.5255827903747563,2.525582790374756,2693400,0.0,0.0
2019-07-26 00:00:00-04:00,2.5074781850546084,2.5074781850546084,2.4803214073181152,2.4803214073181152,2735900,0.0,0.0
2019-07-29 00:00:00-04:00,2.471269335768768,2.4893738556348253,2.45316481590271,2.45316481590271,2890800,0.0,0.0
2019-07-30 00:00:00-04:00,2.416955675345556,2.416955675345556,2.389798896679334,2.398851156234741,4641600,0.0,0.0
2019-07-31 00:00:00-04:00,2.326432943344116,2.3535897229368996,2.3083284236155936,2.326432943344116,4755600,0.0,0.0
2019-08-01 00:00:00-04:00,2.2902237852508502,2.308328304041538,2.2540147476694754,2.2630670070648193,9132400,0.0,0.0
2019-08-02 00:00:00-04:00,2.2540146601841684,2.2540146601841684,2.2178056240081787,2.2178056240081787,6145500,0.0,0.0
2019-08-05 00:00:00-04:00,2.190649015723157,2.190649015723157,2.154439976756311,2.1815967559814453,9292200,0.0,0.0
2019-08-06 00:00:00-04:00,2.217805845764554,2.217805845764554,2.172544546018931,2.2087535858154297,6367900,0.0,0.0
2019-08-07 00:00:00-04:00,2.1815967727813526,2.1906490325927734,2.1634922531585117,2.1906490325927734,9327100,0.0,0.0
2019-08-08 00:00:00-04:00,2.1997013092041016,2.2178058289652136,2.1815967894429895,2.1997013092041016,6058500,0.0,0.0
2019-08-09 00:00:00-04:00,2.176546247369045,2.2228559205299545,2.1672843569010403,2.1950700283050537,8168800,0.055,0.0
2019-08-12 00:00:00-04:00,2.1672846238776913,2.1672846238776913,2.1302370574419736,2.1394989490509033,4118300,0.0,0.0
2019-08-13 00:00:00-04:00,2.139498666787671,2.176546228335718,2.139498666787671,2.1487605571746826,5179200,0.0,0.0
2019-08-14 00:00:00-04:00,2.158022403717041,2.1672842939158783,2.1302367331205287,2.158022403717041,11348500,0.0,0.0
2019-08-15 00:00:00-04:00,2.158022732268762,2.1765465154866206,2.1302370574419736,2.1394989490509033,7781500,0.0,0.0
2019-08-16 00:00:00-04:00,2.176546247369045,2.2043321395939457,2.176546247369045,2.1950700283050537,7181900,0.0,0.0
2019-08-19 00:00:00-04:00,2.2043323070553056,2.222856089398552,2.130236956861418,2.2135941982269287,4570500,0.0,0.0
2019-08-20 00:00:00-04:00,2.195070311845652,2.2228562076596994,2.1858084201812744,2.1858084201812744,6612800,0.0,0.0
2019-08-21 00:00:00-04:00,2.2043322736234923,2.2043322736234923,2.1672844886779785,2.1672844886779785,5960100,0.0,0.0
2019-08-22 00:00:00-04:00,2.2135941982269287,2.222856089398552,2.2043323070553056,2.2135941982269287,4738700,0.0,0.0
2019-08-23 00:00:00-04:00,2.2228561344028517,2.2506418084802737,2.195070239504521,2.2043323516845703,7013500,0.0,0.0
2019-08-26 00:00:00-04:00,2.2135941982269287,2.2321179805701745,2.176546412719533,2.2135941982269287,7627800,0.0,0.0
2019-08-27 00:00:00-04:00,2.232118175166944,2.2413800671460216,2.204332499229711,2.222856283187866,5662200,0.0,0.0
2019-08-28 00:00:00-04:00,2.195070311845652,2.2043324243309446,2.1858084201812744,2.1858084201812744,4878700,0.0,0.0
2019-08-29 00:00:00-04:00,2.2043323516845703,2.213594243043711,2.195070239504521,2.2043323516845703,5393900,0.0,0.0
2019-08-30 00:00:00-04:00,2.2135941982269287,2.2321179805701745,2.195070195062779,2.2135941982269287,3647900,0.0,0.0
2019-09-03 00:00:00-04:00,2.176546247369045,2.1950700283050537,2.1580224664330356,2.1950700283050537,4857100,0.0,0.0
2019-09-04 00:00:00-04:00,2.2135943912087885,2.232118175166944,2.1950703864297103,2.222856283187866,7829800,0.0,0.0
2019-09-05 00:00:00-04:00,2.2599036693573,2.278427451825728,2.2321179956546575,2.2599036693573,5092400,0.0,0.0
2019-09-06 00:00:00-04:00,2.250641778123086,2.2599036693573,2.241379886888872,2.2599036693573,2494600,0.0,0.0
2019-09-09 00:00:00-04:00,2.250641733796061,2.278427406951457,2.232117951692464,2.269165515899658,4740900,0.0,0.0
2019-09-10 00:00:00-04:00,2.3525226257109746,2.398832082748413,2.343260734303487,2.398832082748413,5517700,0.0,0.0
2019-09-11 00:00:00-04:00,2.398831888444757,2.398831888444757,2.3525224351583507,2.3895699977874756,5607700,0.0,0.0
2019-09-12 00:00:00-04:00,2.3247366587765974,2.3988317807070447,2.3062128782939855,2.3617842197418213,7740800,0.0,0.0
2019-09-13 00:00:00-04:00,2.463665396754581,2.500712960179013,2.4544035058984726,2.482189178466797,7198300,0.0,0.0
2019-09-16 00:00:00-04:00,2.4636654409023615,2.4821892229465155,2.454403549880285,2.4729273319244385,4676100,0.0,0.0
2019-09-17 00:00:00-04:00,2.4266175518090374,2.445141553878784,2.4173556611846094,2.445141553878784,4468000,0.0,0.0
2019-09-18 00:00:00-04:00,2.4173557314817233,2.4451416249839166,2.408093840587958,2.4266176223754883,6133500,0.0,0.0
2019-09-19 00:00:00-04:00,2.46366548538208,2.4914511589499613,2.46366548538208,2.46366548538208,3421600,0.0,0.0
2019-09-20 00:00:00-04:00,2.5284987842027604,2.5377606756136495,2.4914512185592037,2.5007131099700928,7973200,0.0,0.0
2019-09-23 00:00:00-04:00,2.454403549880285,2.4821892229465155,2.445141658858208,2.4729273319244385,3862000,0.0,0.0
2019-09-24 00:00:00-04:00,2.4544034889205064,2.4636653797125465,2.426617595723491,2.435879707336426,3337800,0.0,0.0
2019-09-25 00:00:00-04:00,2.4080941222745347,2.4266179062288833,2.380308446343012,2.417356014251709,5016300,0.0,0.0
2019-09-26 00:00:00-04:00,2.4173557314817233,2.4358797340901512,2.3988319496941926,2.4266176223754883,2902000,0.0,0.0
2019-09-27 00:00:00-04:00,2.454403594192786,2.472927376571374,2.435879811814199,2.46366548538208,2858100,0.0,0.0
2019-09-30 00:00:00-04:00,2.46366533512764,2.46366533512764,2.4266175518090374,2.445141553878784,3715600,0.0,0.0
2019-10-01 00:00:00-04:00,2.4173556697593193,2.4173556697593193,2.371046216472913,2.3895699977874756,4198800,0.0,0.0
2019-10-02 00:00:00-04:00,2.3432606603758814,2.3432606603758814,2.306213095914745,2.3154749870300293,3955300,0.0,0.0
2019-10-03 00:00:00-04:00,2.333998680114746,2.352522461637808,2.3062130078301535,2.333998680114746,5628900,0.0,0.0
2019-10-04 00:00:00-04:00,2.3247366587765974,2.361784219741821,2.3154747685352914,2.3617842197418213,4365900,0.0,0.0
2019-10-07 00:00:00-04:00,2.3432606603758814,2.3432606603758814,2.3154749870300293,2.3154749870300293,4056000,0.0,0.0
2019-10-08 00:00:00-04:00,2.287689013925123,2.2969509038268088,2.259903344220066,2.2784271240234375,5340900,0.0,0.0
2019-10-09 00:00:00-04:00,2.269165560591514,2.269165560591514,2.250641778123086,2.2599036693573,3277100,0.0,0.0
2019-10-10 00:00:00-04:00,2.2876895265712696,2.417356014251709,2.2784276345940953,2.417356014251709,10137900,0.0,0.0
2019-10-11 00:00:00-04:00,2.7229986637409396,2.7600462285557703,2.6859510989261084,2.7137367725372314,15041500,0.0,0.0
2019-10-14 00:00:00-04:00,2.621117814615735,2.685951278189655,2.621117814615735,2.676689386367798,9638200,0.0,0.0
2019-10-15 00:00:00-04:00,2.7229987499268473,2.898974909188039,2.7229987499268473,2.8434033393859863,14986100,0.0,0.0
2019-10-16 00:00:00-04:00,2.8619268380865805,2.8804506192402113,2.8434030569329503,2.8526649475097656,6969100,0.0,0.0
2019-10-17 00:00:00-04:00,2.898974909188039,2.9267605836786093,2.8341414478891296,2.8434033393859863,12125500,0.0,0.0
2019-10-18 00:00:00-04:00,2.8434030569329503,2.871188728663396,2.82487927577932,2.8526649475097656,7925700,0.0,0.0
2019-10-21 00:00:00-04:00,2.9174981984993624,2.926760088428975,2.88971230788965,2.8989744186401367,5888900,0.0,0.0
2019-10-22 00:00:00-04:00,2.87118866515342,2.889712445897309,2.76930787106203,2.815617322921753,14464000,0.0,0.0
2019-10-23 00:00:00-04:00,2.843403189902572,2.8526650809125127,2.824879407882691,2.8248794078826904,6980100,0.0,0.0
2019-10-24 00:00:00-04:00,2.843403189902572,2.843403189902572,2.7785699528329877,2.8248794078826904,8013300,0.0,0.0
2019-10-25 00:00:00-04:00,2.7785699528329877,2.8526650809125127,2.769308061823047,2.8248794078826904,6396200,0.0,0.0
2019-10-28 00:00:00-04:00,2.769308045795981,2.787831827708658,2.7600461548396424,2.7785699367523193,5909300,0.0,0.0
2019-10-29 00:00:00-04:00,2.7415223121643066,2.778569875168544,2.732260421413247,2.7415223121643066,5419900,0.0,0.0
2019-10-30 00:00:00-04:00,2.7044747929191906,2.7507842474237867,2.6952129020182714,2.7322604656219482,5748400,0.0,0.0
2019-10-31 00:00:00-04:00,2.7044745361159115,2.7137364261373684,2.667426976030084,2.685950756072998,6946500,0.0,0.0
2019-11-01 00:00:00-04:00,2.71373657811645,2.7229984686566064,2.6952127970361377,2.704474687576294,4614100,0.0,0.0
2019-11-04 00:00:00-05:00,2.7507842029153657,2.769307984417485,2.7229985306621876,2.7415223121643066,3868900,0.0,0.0
2019-11-05 00:00:00-05:00,2.7507842029153657,2.7507842029153657,2.732260421413247,2.7415223121643066,3544700,0.0,0.0
2019-11-06 00:00:00-05:00,2.6859509064959814,2.7229984686566064,2.6859509064959814,2.704474687576294,4436500,0.0,0.0
2019-11-07 00:00:00-05:00,2.6952126460944545,2.7044745361159115,2.676688866051541,2.685950756072998,4088500,0.0,0.0
2019-11-08 00:00:00-05:00,2.6396415685364136,2.667427464510029,2.6303796768188477,2.6303796768188477,3850900,0.0,0.0
2019-11-11 00:00:00-05:00,2.750784397125244,2.7878319627451007,2.732260614315316,2.750784397125244,7050800,0.0,0.0
2019-11-12 00:00:00-05:00,2.7785698924858937,2.8063555649122454,2.76930800167711,2.7878317832946777,3812900,0.0,0.0
2019-11-13 00:00:00-05:00,2.7693079578504167,2.8063555204992423,2.7693079578504167,2.797093629837036,3336800,0.0,0.0
2019-11-14 00:00:00-05:00,2.7785697420988758,2.78783163240637,2.7600459614838875,2.769307851791382,2770900,0.0,0.0
2019-11-15 00:00:00-05:00,2.7970936741034613,2.815617455721029,2.7785698924858937,2.7878317832946777,3088000,0.0,0.0
2019-11-18 00:00:00-05:00,2.806355581831183,2.834141254425049,2.806355581831183,2.834141254425049,3716900,0.0,0.0
2019-11-19 00:00:00-05:00,2.843403145289671,2.8526650361542925,2.806355581831183,2.834141254425049,5219200,0.0,0.0
2019-11-20 00:00:00-05:00,2.7785699367523193,2.815617500577673,2.769308045795981,2.7785699367523193,13527200,0.0,0.0
2019-11-21 00:00:00-05:00,2.7785699367523193,2.787831827708658,2.7600461548396424,2.7785699367523193,3517600,0.0,0.0
2019-11-22 00:00:00-05:00,2.7970937348528686,2.8341412988926313,2.787831843842928,2.8248794078826904,3439200,0.0,0.0
2019-11-25 00:00:00-05:00,2.8619270324707027,2.889712706088371,2.843403250058924,2.861927032470703,3894100,0.0,0.0
2019-11-26 00:00:00-05:00,2.8711890274351686,2.8989749228778643,2.8619271358945744,2.8897128105163574,4251200,0.0,0.0
2019-11-27 00:00:00-05:00,2.8989744186401367,2.9174981984993624,2.8804504179600374,2.8989744186401367,8106100,0.0,0.0
2019-11-29 00:00:00-05:00,2.8989745322935323,2.8989745322935323,2.8711886405944824,2.8711886405944824,2780100,0.0,0.0
2019-12-02 00:00:00-05:00,2.8619269270189145,2.8619269270189145,2.8248793635604272,2.834141254425049,3473700,0.0,0.0
2019-12-03 00:00:00-05:00,2.8063554325498083,2.8248792132936975,2.7970935421778638,2.815617322921753,3863100,0.0,0.0
2019-12-04 00:00:00-05:00,2.871188955958646,2.9174986333296786,2.871188955958646,2.9082367420196533,3080300,0.0,0.0
2019-12-05 00:00:00-05:00,2.926760088428975,2.9360219783585877,2.88971230788965,2.8989744186401367,3730400,0.0,0.0
2019-12-06 00:00:00-05:00,2.9360222374421765,2.954546018935997,2.9360222374421765,2.945284128189087,2664300,0.0,0.0
2019-12-09 00:00:00-05:00,3.010117425591746,3.0193793165299616,2.982331752777099,2.9823317527770996,5358600,0.0,0.0
2019-12-10 00:00:00-05:00,2.954546213150024,2.9823318872172173,2.954546213150024,2.9545462131500244,5856500,0.0,0.0
2019-12-11 00:00:00-05:00,2.9267605246397035,2.9360224159497283,2.9082367420196533,2.9082367420196533,3440700,0.0,0.0
2019-12-12 00:00:00-05:00,2.9360223860453147,2.963808059692383,2.880450817930273,2.963808059692383,11999500,0.0,0.0
2019-12-13 00:00:00-05:00,3.186093658081049,3.213879331626878,3.139784202171334,3.167569875717163,14207100,0.0,0.0
2019-12-16 00:00:00-05:00,3.2787123787636703,3.3157599413317063,3.2601885974796523,3.3064980506896973,8584800,0.0,0.0
2019-12-17 00:00:00-05:00,3.0564267196255286,3.07495050052828,3.028641048271401,3.0656886100769043,8160300,0.0,0.0
2019-12-18 00:00:00-05:00,3.0286409854888916,3.047164766007653,3.00085531471075,3.0286409854888916,8732800,0.0,0.0
2019-12-19 00:00:00-05:00,3.065688698428787,3.065688698428787,3.019379244837289,3.0471649169921875,7009200,0.0,0.0
2019-12-20 00:00:00-05:00,3.0101174705408225,3.0101174705408225,2.9545461240817006,2.973069906234741,5768200,0.0,0.0
2019-12-23 00:00:00-05:00,2.9638080151582207,2.973069906234741,2.93602234192866,2.973069906234741,4137000,0.0,0.0
2019-12-24 00:00:00-05:00,2.991593850969071,3.047165200448276,2.991593850969071,3.037903308868408,3837500,0.0,0.0
2019-12-26 00:00:00-05:00,3.019379672254132,3.065689132401097,3.019379672254132,3.056427240371704,3747300,0.0,0.0
2019-12-27 00:00:00-05:00,3.0564268077104875,3.065688698428787,3.037903026273888,3.0471649169921875,5863600,0.0,0.0
2019-12-30 00:00:00-05:00,3.037903456312918,3.065689132401097,3.037903456312918,3.056427240371704,7302900,0.0,0.0
2019-12-31 00:00:00-05:00,3.0193791578200253,3.07495050052828,3.0193791578200253,3.0656886100769043,3124300,0.0,0.0
2020-01-02 00:00:00-05:00,3.074950606580936,3.1119981696641807,3.0656887158101247,3.0934743881225586,9776700,0.0,0.0
2020-01-03 00:00:00-05:00,3.019379672254132,3.056427240371704,3.010117780224739,3.056427240371704,15370500,0.0,0.0
2020-01-06 00:00:00-05:00,3.037903087062054,3.0842125415802,3.028641196158425,3.0842125415802,38573000,0.0,0.0
2020-01-07 00:00:00-05:00,3.065689132401097,3.07495102443049,3.037903456312918,3.056427240371704,8507800,0.0,0.0
2020-01-08 00:00:00-05:00,3.0286411355555884,3.0564268077104875,3.0101173541189894,3.0471649169921875,8700800,0.0,0.0
2020-01-09 00:00:00-05:00,2.991593599319458,2.991593599319458,2.9638079269171564,2.991593599319458,5709900,0.0,0.0
2020-01-10 00:00:00-05:00,2.90823630856975,2.9174981984993624,2.88971230788965,2.8989744186401367,7643000,0.0,0.0
2020-01-13 00:00:00-05:00,2.834141254425049,2.843403145289671,2.806355581831183,2.834141254425049,7614000,0.0,0.0
2020-01-14 00:00:00-05:00,2.824879497404885,2.834141388708341,2.8063557147979736,2.8063557147979736,4894200,0.0,0.0
2020-01-15 00:00:00-05:00,2.787831827708658,2.7970937186649962,2.7600461548396424,2.7785699367523193,4670300,0.0,0.0
2020-01-16 00:00:00-05:00,2.7693081495841505,2.824879497404885,2.750784366977239,2.8063557147979736,7082100,0.0,0.0
2020-01-17 00:00:00-05:00,2.8063557147979736,2.834141388708341,2.7970938234945177,2.8063557147979736,11548800,0.0,0.0
2020-01-21 00:00:00-05:00,2.8063554325498083,2.815617322921753,2.7970935421778638,2.815617322921753,8070200,0.0,0.0
2020-01-22 00:00:00-05:00,2.815617606101429,2.824879497404885,2.7970938234945177,2.8063557147979736,14557500,0.0,0.0
2020-01-23 00:00:00-05:00,2.7970936741034613,2.8063555649122454,2.76930800167711,2.7878317832946777,5534600,0.0,0.0
2020-01-24 00:00:00-05:00,2.8434031734466885,2.852665064403027,2.7785699367523193,2.7785699367523193,6218000,0.0,0.0
2020-01-27 00:00:00-05:00,2.7322604656219482,2.7507842474237867,2.71373668382011,2.7322604656219482,4593500,0.0,0.0
2020-01-28 00:00:00-05:00,2.7507843524131843,2.769308134922021,2.7415224611587656,2.7600462436676025,3161300,0.0,0.0
2020-01-29 00:00:00-05:00,2.7507842029153657,2.7600460936664253,2.7415223121643066,2.7415223121643066,2931500,0.0,0.0
2020-01-30 00:00:00-05:00,2.7600462582806946,2.815617606101429,2.750784366977239,2.8063557147979736,5686500,0.0,0.0
2020-01-31 00:00:00-05:00,2.7415223121643066,2.7600460936664253,2.7229985306621876,2.7415223121643066,5002700,0.0,0.0
2020-02-03 00:00:00-05:00,2.704474687576294,2.7229984686566064,2.6952127970361377,2.704474687576294,3852500,0.0,0.0
2020-02-04 00:00:00-05:00,2.7415224611587656,2.77857002617644,2.7415224611587656,2.7600462436676025,4394300,0.0,0.0
2020-02-05 00:00:00-05:00,2.760046288530208,2.760046288530208,2.722998722910352,2.750784397125244,6317100,0.0,0.0
2020-02-06 00:00:00-05:00,2.741522446148355,2.741522446148355,2.7044748813335238,2.7137367725372314,4568700,0.0,0.0
2020-02-07 00:00:00-05:00,2.695212841033935,2.722998513107989,2.685950950342584,2.6952128410339355,4664500,0.0,0.0
2020-02-10 00:00:00-05:00,2.7044748813335238,2.7229986637409396,2.695212990129816,2.7137367725372314,2938500,0.0,0.0
2020-02-11 00:00:00-05:00,2.695212841033935,2.722998513107989,2.685950950342584,2.6952128410339355,5001500,0.0,0.0
2020-02-12 00:00:00-05:00,2.74152250572028,2.760046288530208,2.732260614315316,2.750784397125244,4467600,0.0,0.0
2020-02-13 00:00:00-05:00,2.760046110868326,2.7970936741034613,2.760046110868326,2.7878317832946777,4208900,0.0,0.0
2020-02-14 00:00:00-05:00,2.750784140277075,2.750784140277075,2.6952127970361377,2.704474687576294,6025200,0.0,0.0
2020-02-18 00:00:00-05:00,2.7044745361159115,2.7044745361159115,2.676688866051541,2.685950756072998,6162700,0.0,0.0
2020-02-19 00:00:00-05:00,2.667427089262855,2.676688979677481,2.6489030876127178,2.6581649780273438,4291200,0.0,0.0
2020-02-20 00:00:00-05:00,2.713736757163041,2.7229986483142774,2.6396414071322485,2.6674273014068604,22383100,0.0,0.0
2020-02-21 00:00:00-05:00,2.6489032649620943,2.6489032649620943,2.6118557008231824,2.62111759185791,8693600,0.0,0.0
2020-02-24 00:00:00-05:00,2.4821888967855164,2.537760235615873,2.472927006980457,2.491450786590576,13272300,0.0,0.0
2020-02-25 00:00:00-05:00,2.50997478824978,2.50997478824978,2.4266175518090374,2.445141553878784,11410200,0.0,0.0
2020-02-26 00:00:00-05:00,2.4544035158776816,2.463665406771447,2.3988319496941926,2.4266176223754883,12019400,0.0,0.0
2020-02-27 00:00:00-05:00,2.371046288260902,2.408093852011713,2.3247368335723877,2.3247368335723877,12184600,0.0,0.0
2020-02-28 00:00:00-05:00,2.3154747685352914,2.380308000224433,2.287689097811374,2.3617842197418213,16080100,0.0,0.0
2020-03-02 00:00:00-05:00,2.333998592372765,2.3617842636128117,2.287689140306021,2.352522373199463,10375300,0.0,0.0
2020-03-03 00:00:00-05:00,2.361784504789962,2.3710463961491026,2.2043323516845703,2.2043323516845703,31989500,0.0,0.0
2020-03-04 00:00:00-05:00,2.287689208984375,2.2969510996757734,2.222855974144585,2.287689208984375,28459900,0.0,0.0
2020-03-05 00:00:00-05:00,2.1950701617714383,2.222856055685799,2.1580225976468252,2.1672844886779785,11697700,0.0,0.0
2020-03-06 00:00:00-05:00,2.1672844271630427,2.213594101825283,2.1117130825534276,2.130236864089966,17258700,0.0,0.0
2020-03-09 00:00:00-04:00,1.963522579534404,2.0190941441185197,1.898689345143975,1.9079512357711792,13311000,0.0,0.0
2020-03-10 00:00:00-04:00,2.0746653298563333,2.0931891096998014,1.9727845407172566,2.0190939903259277,26556600,0.0,0.0
2020-03-11 00:00:00-04:00,2.0190940517098945,2.0376178321165184,1.8986892582459607,1.926474928855896,16039400,0.0,0.0
2020-03-12 00:00:00-04:00,1.7597610525420753,1.806070620752143,1.620832568732785,1.6949278116226196,23184000,0.0,0.0
2020-03-13 00:00:00-04:00,1.7782846250020463,1.7968085163379626,1.676403719501502,1.7875465154647827,22051000,0.0,0.0
2020-03-16 00:00:00-04:00,1.4448563403983206,1.5930468192164444,1.4448563403983206,1.5096896886825562,27227000,0.0,0.0
2020-03-17 00:00:00-04:00,1.4819039416025734,1.5467371762517448,1.4355943778712907,1.5004277229309082,19787300,0.0,0.0
2020-03-18 00:00:00-04:00,1.407808795597057,1.4633802535340215,1.342975556816127,1.3800231218338013,29110100,0.0,0.0
2020-03-19 00:00:00-04:00,1.3059278528185532,1.426332546902385,1.287404070714956,1.361499309539795,33403700,0.0,0.0
2020-03-20 00:00:00-04:00,1.3614992985928567,1.380023080547516,1.2874040603637695,1.2874040603637695,16029000,0.0,0.0
2020-03-23 00:00:00-04:00,1.2966659343700462,1.3337136082049263,1.2318326983772905,1.2410945892333984,14362100,0.0,0.0
2020-03-24 00:00:00-04:00,1.380022990345043,1.4263324422047654,1.3429754288572648,1.4078086614608765,21661800,0.0,0.0
2020-03-25 00:00:00-04:00,1.5096896309780345,1.5930467583257821,1.435594394401098,1.5467371940612793,18675600,0.0,0.0
2020-03-26 00:00:00-04:00,1.5837848667124792,1.6671418836054381,1.5745229759465948,1.6486181020736694,14296600,0.0,0.0
2020-03-27 00:00:00-04:00,1.537475303290468,1.583784867554971,1.4819039586656009,1.5467371940612793,7662800,0.0,0.0
2020-03-30 00:00:00-04:00,1.5004277229309082,1.5096896135950755,1.4633801602742387,1.5004277229309082,12641100,0.0,0.0
2020-03-31 00:00:00-04:00,1.4541182693022023,1.4633801599644087,1.3707611429318989,1.398546814918518,12608600,0.0,0.0
2020-04-01 00:00:00-04:00,1.3244516123233767,1.342975504521356,1.1947850294002136,1.2133088111877441,42810800,0.0,0.0
2020-04-02 00:00:00-04:00,1.2410945758021388,1.315189701849137,1.2410945758021388,1.2688802480697632,18070600,0.0,0.0
2020-04-03 00:00:00-04:00,1.2410945625905898,1.2410945625905898,1.1855231082364566,1.1947849988937378,20605100,0.0,0.0
2020-04-06 00:00:00-04:00,1.2874041632567257,1.3337137322550146,1.2781422715391597,1.3151898384094238,15562000,0.0,0.0
2020-04-07 00:00:00-04:00,1.4170704982081535,1.4263323882296104,1.342975378036499,1.342975378036499,18733700,0.0,0.0
2020-04-08 00:00:00-04:00,1.4078087055807245,1.4263324869051373,1.3707611429318989,1.398546814918518,20654500,0.0,0.0
2020-04-09 00:00:00-04:00,1.4911659210618808,1.5189515947089491,1.4633802474148125,1.4819040298461914,16722400,0.0,0.0
2020-04-13 00:00:00-04:00,1.5004278275599519,1.509689718869977,1.417070695359273,1.4541183710098267,7304000,0.0,0.0
2020-04-14 00:00:00-04:00,1.481904044939902,1.481904044939902,1.426332586669298,1.4541183710098267,12735400,0.0,0.0
2020-04-15 00:00:00-04:00,1.3707612523705162,1.3707612523705162,1.3244516849517822,1.3244516849517822,10368100,0.0,0.0
2020-04-16 00:00:00-04:00,1.32445165504278,1.3337136566457344,1.2966659814652737,1.3059278726577759,11055200,0.0,0.0
2020-04-17 00:00:00-04:00,1.3522373745800345,1.3800230468332126,1.3337135930779158,1.3707611560821533,8460500,0.0,0.0
2020-04-20 00:00:00-04:00,1.3337137322550146,1.3614994074077127,1.3059279466918579,1.3151898384094238,15216800,0.0,0.0
2020-04-21 00:00:00-04:00,1.2966659513410992,1.3151897332957587,1.2688802784091102,1.2874040603637695,11255100,0.0,0.0
2020-04-22 00:00:00-04:00,1.2966659814652737,1.32445165504278,1.2966659814652737,1.3059278726577759,9829400,0.0,0.0
2020-04-23 00:00:00-04:00,1.30592786683927,1.3522374330059026,1.30592786683927,1.3337136507034302,9137400,0.0,0.0
2020-04-24 00:00:00-04:00,1.3244516491417422,1.3429755418546663,1.30592786683927,1.3337136507034302,7174800,0.0,0.0
2020-04-27 00:00:00-04:00,1.3337136363843993,1.3707612005915937,1.3337136363843993,1.361499309539795,8045600,0.0,0.0
2020-04-28 00:00:00-04:00,1.472642138630502,1.5004278122775703,1.4448563545729813,1.4819040298461914,9563500,0.0,0.0
2020-04-29 00:00:00-04:00,1.537475182318935,1.5745228528976443,1.5096895121927318,1.574522852897644,8930300,0.0,0.0
2020-04-30 00:00:00-04:00,1.435594477979323,1.481904044939902,1.417070695359273,1.4541183710098267,11445500,0.0,0.0
2020-05-01 00:00:00-04:00,1.3985467710889319,1.4263324422047654,1.380022990345043,1.4078086614608765,5093200,0.0,0.0
2020-05-04 00:00:00-04:00,1.3707611864634828,1.3985468593324981,1.3429755135944674,1.3892849683761597,10017700,0.0,0.0
2020-05-05 00:00:00-04:00,1.3800229381223263,1.389284828143783,1.342975378036499,1.342975378036499,6358400,0.0,0.0
2020-05-06 00:00:00-04:00,1.3429755418546663,1.3522374330059026,1.3244516491417422,1.3337136507034302,7053700,0.0,0.0
2020-05-07 00:00:00-04:00,1.3614992343283032,1.389284905948772,1.352237343788147,1.352237343788147,6593800,0.0,0.0
2020-05-08 00:00:00-04:00,1.3800230335941053,1.4170705962429309,1.3800230335941053,1.398546814918518,4364700,0.0,0.0
2020-05-11 00:00:00-04:00,1.352237343788147,1.352237343788147,1.3337135627078345,1.352237343788147,10816600,0.0,0.0
2020-05-12 00:00:00-04:00,1.3429754706162604,1.3522373612761978,1.2966659069061282,1.296665906906128,8824900,0.0,0.0
2020-05-13 00:00:00-04:00,1.2966659658513002,1.2966659658513002,1.250356510446431,1.2596184015274048,8402700,0.0,0.0
2020-05-14 00:00:00-04:00,1.2133088357120845,1.2688802926083786,1.176261271388189,1.2596184015274048,13676100,0.0,0.0
2020-05-15 00:00:00-04:00,1.2503565250696276,1.2596184162589212,1.2225708515017464,1.23183274269104,5546400,0.0,0.0
2020-05-18 00:00:00-04:00,1.2596184881040275,1.32445173012699,1.2503565963864613,1.3151898384094238,12844200,0.0,0.0
2020-05-19 00:00:00-04:00,1.315189701849137,1.315189701849137,1.2688802480697632,1.2688802480697632,9397600,0.0,0.0
2020-05-20 00:00:00-04:00,1.2966659814652737,1.32445165504278,1.2966659814652737,1.3059278726577759,7609800,0.0,0.0
2020-05-21 00:00:00-04:00,1.2688803378068247,1.2874041206286033,1.241094663574157,1.2503565549850464,8814000,0.0,0.0
2020-05-22 00:00:00-04:00,1.2503565549850464,1.2503565549850464,1.2133088789310347,1.2503565549850464,8645700,0.0,0.0
2020-05-26 00:00:00-04:00,1.333713488015042,1.342975378036499,1.3151895975616903,1.342975378036499,8447200,0.0,0.0
2020-05-27 00:00:00-04:00,1.417070551832821,1.417070551832821,1.380022990345043,1.4078086614608765,11676200,0.0,0.0
2020-05-28 00:00:00-04:00,1.3985469043426386,1.407808795597057,1.3707612305793828,1.3800231218338013,6600900,0.0,0.0
2020-05-29 00:00:00-04:00,1.3429755478382366,1.361499330223241,1.3059278726577759,1.3059278726577759,7859100,0.0,0.0
2020-06-01 00:00:00-04:00,1.3429755135944674,1.3892849683761597,1.3429755135944674,1.3892849683761597,5757900,0.0,0.0
2020-06-02 00:00:00-04:00,1.4541182112931272,1.4633801015858494,1.426332430004519,1.4355943202972412,10133500,0.0,0.0
2020-06-03 00:00:00-04:00,1.4911660520682801,1.546737404244638,1.4911660520682801,1.528213620185852,6935500,0.0,0.0
2020-06-04 00:00:00-04:00,1.518951565444426,1.5559991295934157,1.5004277833699313,1.537475347518921,9645500,0.0,0.0
2020-06-05 00:00:00-04:00,1.6393562249229163,1.6486181157657223,1.6115705523944985,1.6208324432373047,10955500,0.0,0.0
2020-06-08 00:00:00-04:00,1.7134515047073364,1.7412371779270757,1.6764038300039004,1.7134515047073364,11692400,0.0,0.0
2020-06-09 00:00:00-04:00,1.6115706264521048,1.6486181915258005,1.593046843915257,1.6300944089889526,21168200,0.0,0.0
2020-06-10 00:00:00-04:00,1.6393562390129937,1.6393562390129937,1.59304678440094,1.59304678440094,22723000,0.0,0.0
2020-06-11 00:00:00-04:00,1.4726420370494038,1.5004277087798494,1.4263324737548828,1.4263324737548828,11161100,0.0,0.0
2020-06-12 00:00:00-04:00,1.4726421536298768,1.481904044939902,1.426332586669298,1.4541183710098267,8809800,0.0,0.0
2020-06-15 00:00:00-04:00,1.398546912739223,1.4633802623198517,1.3892850214291979,1.4541183710098267,10002200,0.0,0.0
2020-06-16 00:00:00-04:00,1.5467372531818615,1.5559991443066878,1.4819040153080774,1.5096896886825562,13929900,0.0,0.0
2020-06-17 00:00:00-04:00,1.491165890632242,1.5004277816589278,1.4541183265254995,1.463380217552185,5611300,0.0,0.0
2020-06-18 00:00:00-04:00,1.4448564052581787,1.4726421902904177,1.4355945137175843,1.4448564052581787,5946200,0.0,0.0
2020-06-19 00:00:00-04:00,1.463380191946082,1.463380191946082,1.3985468454832808,1.4170706272125244,5771400,0.0,0.0
2020-06-22 00:00:00-04:00,1.4170706272125244,1.4355944089417683,1.3985468454832808,1.4170706272125244,6668000,0.0,0.0
2020-06-23 00:00:00-04:00,1.463380173347633,1.4819039548414537,1.4541182826007228,1.4726420640945435,5782900,0.0,0.0
2020-06-24 00:00:00-04:00,1.4541182693022023,1.4541182693022023,1.398546814918518,1.398546814918518,9071300,0.0,0.0
2020-06-25 00:00:00-04:00,1.3985469475552075,1.4448564052581787,1.389285056014613,1.4448564052581787,5265000,0.0,0.0
2020-06-26 00:00:00-04:00,1.4078087647987878,1.4170706558505863,1.3522374184879964,1.361499309539795,6837800,0.0,0.0
2020-06-29 00:00:00-04:00,1.3614993393249644,1.38928501308822,1.3614993393249644,1.3800231218338013,5419800,0.0,0.0
2020-06-30 00:00:00-04:00,1.3614992955071443,1.3985468593324981,1.3522374045508059,1.3892849683761597,5727500,0.0,0.0
2020-07-01 00:00:00-04:00,1.3985469043426386,1.407808795597057,1.3614993393249644,1.3800231218338013,4902000,0.0,0.0
2020-07-02 00:00:00-04:00,1.4170705831780674,1.444856254908513,1.3985468020244372,1.4263324737548828,6074500,0.0,0.0
2020-07-06 00:00:00-04:00,1.4078087055807245,1.4263324869051373,1.3800230335941053,1.398546814918518,7051500,0.0,0.0
2020-07-07 00:00:00-04:00,1.3985469043426386,1.407808795597057,1.3707612305793828,1.3800231218338013,4151200,0.0,0.0
2020-07-08 00:00:00-04:00,1.380023063754037,1.4170706272125244,1.380023063754037,1.4170706272125244,5379900,0.0,0.0
2020-07-09 00:00:00-04:00,1.3800229381223263,1.389284828143783,1.342975378036499,1.342975378036499,6472300,0.0,0.0
2020-07-10 00:00:00-04:00,1.3429755135944674,1.3985468593324981,1.3429755135944674,1.3892849683761597,5010100,0.0,0.0
2020-07-13 00:00:00-04:00,1.38928501308822,1.3985469043426386,1.3707612305793828,1.3800231218338013,8483000,0.0,0.0
2020-07-14 00:00:00-04:00,1.3522374184879964,1.3707612005915937,1.3429755274361979,1.361499309539795,5145800,0.0,0.0
2020-07-15 00:00:00-04:00,1.38928501308822,1.38928501308822,1.3614993393249644,1.3800231218338013,5407600,0.0,0.0
2020-07-16 00:00:00-04:00,1.3707611560821533,1.3985468283353315,1.3614992653310938,1.3707611560821533,5487400,0.0,0.0
2020-07-17 00:00:00-04:00,1.3707611560821533,1.389284937584272,1.3614992653310938,1.3707611560821533,3488200,0.0,0.0
2020-07-20 00:00:00-04:00,1.3800230468332126,1.389284937584272,1.3707611560821533,1.3707611560821533,4839100,0.0,0.0
2020-07-21 00:00:00-04:00,1.3892849683761597,1.4078087502888366,1.3800230774198212,1.3892849683761597,3965900,0.0,0.0
2020-07-22 00:00:00-04:00,1.38928501308822,1.3985469043426386,1.3707612305793828,1.3800231218338013,4151000,0.0,0.0
2020-07-23 00:00:00-04:00,1.389284937584272,1.389284937584272,1.3614992653310938,1.3707611560821533,3998000,0.0,0.0
2020-07-24 00:00:00-04:00,1.3707611248684595,1.389284905948772,1.352237343788147,1.352237343788147,4389600,0.0,0.0
2020-07-27 00:00:00-04:00,1.3429755781655486,1.3429755781655486,1.3059279021484707,1.3244516849517822,6461900,0.0,0.0
2020-07-28 00:00:00-04:00,1.3244515617572339,1.3614992343283032,1.3151896712170776,1.352237343788147,8173800,0.0,0.0
2020-07-29 00:00:00-04:00,1.3429755418546663,1.3522374330059026,1.315189757990506,1.3337136507034302,5335300,0.0,0.0
2020-07-30 00:00:00-04:00,1.2410945892333984,1.2503564800895064,1.2133088062546262,1.2410945892333984,14542600,0.0,0.0
2020-07-31 00:00:00-04:00,1.2596183394371039,1.2781421206859598,1.2133087759045187,1.222570776939392,6575800,0.0,0.0
2020-08-03 00:00:00-04:00,1.2688802784091102,1.3059278423184288,1.2596183874317806,1.2874040603637695,7653900,0.0,0.0
2020-08-04 00:00:00-04:00,1.287404119345159,1.3244516849517822,1.287404119345159,1.3244516849517822,6222400,0.0,0.0
2020-08-05 00:00:00-04:00,1.32445173012699,1.3429756239725805,1.3151898384094238,1.3151898384094238,6591800,0.0,0.0
2020-08-06 00:00:00-04:00,1.3059279466918579,1.3429756239725805,1.3059279466918579,1.3151898384094238,5465300,0.0,0.0
2020-08-07 00:00:00-04:00,1.2874041632567257,1.32445173012699,1.2781422715391597,1.3151898384094238,4044700,0.0,0.0
2020-08-10 00:00:00-04:00,1.3337136507034302,1.3522374330059026,1.3244516491417422,1.3337136507034302,5229200,0.0,0.0
2020-08-11 00:00:00-04:00,1.3707611560821533,1.3985468283353315,1.3614992653310938,1.3707611560821533,6607300,0.0,0.0
2020-08-12 00:00:00-04:00,1.3985468283353315,1.4078087190863908,1.3707611560821533,1.3707611560821533,4403100,0.0,0.0
2020-08-13 00:00:00-04:00,1.3707611560821533,1.3985468283353315,1.3522373745800345,1.3707611560821533,3239900,0.0,0.0
2020-08-14 00:00:00-04:00,1.352237343788147,1.3800230154086157,1.3429754532479907,1.352237343788147,3286200,0.0,0.0
2020-08-17 00:00:00-04:00,1.3522375156901465,1.3614994074077127,1.3151898384094238,1.3151898384094238,6532500,0.0,0.0
2020-08-18 00:00:00-04:00,1.342975378036499,1.3614991580794127,1.333713488015042,1.342975378036499,3914000,0.0,0.0
2020-08-19 00:00:00-04:00,1.3429755781655486,1.3614993609688602,1.3244516849517822,1.3244516849517822,3313700,0.0,0.0
2020-08-20 00:00:00-04:00,1.3151895975616903,1.3522372680579557,1.3059277075402334,1.342975378036499,9726500,0.0,0.0
2020-08-21 00:00:00-04:00,1.3151898384094238,1.32445173012699,1.3059279466918579,1.3151898384094238,4503000,0.0,0.0
2020-08-24 00:00:00-04:00,1.3151895975616903,1.3522372680579557,1.3059277075402334,1.342975378036499,5626500,0.0,0.0
2020-08-25 00:00:00-04:00,1.3429755781655486,1.3522374695672044,1.3151897935501264,1.3244516849517822,4890400,0.0,0.0
2020-08-26 00:00:00-04:00,1.3337136507034302,1.3429755418546663,1.3244516491417422,1.3337136507034302,7194200,0.0,0.0
2020-08-27 00:00:00-04:00,1.3337137322550146,1.3522375156901465,1.3151898384094238,1.3151898384094238,3300000,0.0,0.0
2020-08-28 00:00:00-04:00,1.3522374184879964,1.3800230916433922,1.3429755274361979,1.361499309539795,10611800,0.0,0.0
2020-08-31 00:00:00-04:00,1.3614993241571387,1.3707612153083748,1.3244516491417422,1.3337136507034302,2245000,0.0,0.0
2020-09-01 00:00:00-04:00,1.3059278423184288,1.3151897332957587,1.2781421693864399,1.2874040603637695,6091100,0.0,0.0
2020-09-02 00:00:00-04:00,1.2781421255862535,1.3059277975660655,1.2781421255862535,1.296665906906128,5263400,0.0,0.0
2020-09-03 00:00:00-04:00,1.2874040747703264,1.305927856932274,1.2596184015274048,1.2596184015274048,4849200,0.0,0.0
2020-09-04 00:00:00-04:00,1.2874040603637695,1.3059278423184288,1.2688802784091102,1.2874040603637695,6515900,0.0,0.0
2020-09-08 00:00:00-04:00,1.241094558188248,1.241094558188248,1.222570776939392,1.222570776939392,6752700,0.0,0.0
2020-09-09 00:00:00-04:00,1.23183266756382,1.241094558188248,1.2133087759045187,1.222570776939392,7082200,0.0,0.0
2020-09-10 00:00:00-04:00,1.2318327177714732,1.2503564997753307,1.1855231523513794,1.1855231523513794,7718400,0.0,0.0
2020-09-11 00:00:00-04:00,1.1947849988937378,1.1947849988937378,1.1669993269218941,1.1947849988937378,5060800,0.0,0.0
2020-09-14 00:00:00-04:00,1.2133088111877444,1.2225708124919583,1.1947850294002136,1.2133088111877441,6368600,0.0,0.0
2020-09-15 00:00:00-04:00,1.2133087357540322,1.2225707364824099,1.1855230648002242,1.2040468454360962,7264100,0.0,0.0
2020-09-16 00:00:00-04:00,1.2040469153985183,1.2410945892333984,1.2040469153985183,1.2410945892333984,5466900,0.0,0.0
2020-09-17 00:00:00-04:00,1.204046920293979,1.2225708124919583,1.1947850294002136,1.2133088111877441,3685700,0.0,0.0
2020-09-18 00:00:00-04:00,1.1855230770130802,1.194784967426429,1.1577374057730336,1.1762611865997314,8402200,0.0,0.0
2020-09-21 00:00:00-04:00,1.1114281038298497,1.1206899954942269,1.08364231842626,1.0929042100906372,14286100,0.0,0.0
2020-09-22 00:00:00-04:00,1.1114280672014258,1.1299518499197072,1.0929041740726901,1.1021661758422852,8511800,0.0,0.0
2020-09-23 00:00:00-04:00,1.1299518499197072,1.1484756326379886,1.0929041740726901,1.1021661758422852,7275700,0.0,0.0
2020-09-24 00:00:00-04:00,1.1206899881362915,1.1392137713434274,1.1021662049291556,1.1206899881362915,8797900,0.0,0.0
2020-09-25 00:00:00-04:00,1.1114280522102218,1.139213725912864,1.1114280522102218,1.12995183467865,7276500,0.0,0.0
2020-09-28 00:00:00-04:00,1.204046920293979,1.2318327033857235,1.204046920293979,1.2133088111877441,9034800,0.0,0.0
2020-09-29 00:00:00-04:00,1.204046889551019,1.2225707812760274,1.1855231082364566,1.1947849988937378,7150600,0.0,0.0
2020-09-30 00:00:00-04:00,1.2133087357540322,1.2318326268003459,1.2040468454360962,1.2040468454360962,5908300,0.0,0.0
2020-10-01 00:00:00-04:00,1.2133088111877444,1.2225708124919583,1.1947850294002136,1.2133088111877441,4440200,0.0,0.0
2020-10-02 00:00:00-04:00,1.2133088789310347,1.2688803378068247,1.2133088789310347,1.2503565549850464,6487800,0.0,0.0
2020-10-05 00:00:00-04:00,1.241094663574157,1.2688803378068247,1.231832772163268,1.2503565549850464,6053700,0.0,0.0
2020-10-06 00:00:00-04:00,1.287404105120733,1.296665996420055,1.2596184312227674,1.2781422138214111,5964600,0.0,0.0
2020-10-07 00:00:00-04:00,1.2966659513410992,1.3059278423184288,1.2688802784091102,1.2874040603637695,3942500,0.0,0.0
2020-10-08 00:00:00-04:00,1.3059279021484707,1.3337136867638928,1.2966660107468149,1.3244516849517822,6790900,0.0,0.0
2020-10-09 00:00:00-04:00,1.3337136867638928,1.3429755781655486,1.3059279021484707,1.3244516849517822,5316500,0.0,0.0
2020-10-12 00:00:00-04:00,1.3337136507034302,1.3337136507034302,1.315189757990506,1.3337136507034302,4663900,0.0,0.0
2020-10-13 00:00:00-04:00,1.2596183709456144,1.2596183709456144,1.2318326983772905,1.2410945892333984,5140200,0.0,0.0
2020-10-14 00:00:00-04:00,1.2596184015274048,1.2781421836893525,1.250356510446431,1.2596184015274048,2643900,0.0,0.0
2020-10-15 00:00:00-04:00,1.2040469153985183,1.2410945892333984,1.2040469153985183,1.2410945892333984,3950500,0.0,0.0
2020-10-16 00:00:00-04:00,1.2503565549850464,1.2688803378068247,1.231832772163268,1.2503565549850464,7267600,0.0,0.0
2020-10-19 00:00:00-04:00,1.2596184463959357,1.278142229217714,1.241094663574157,1.2503565549850464,5424600,0.0,0.0
2020-10-20 00:00:00-04:00,1.2596184463959357,1.278142229217714,1.2503565549850464,1.2503565549850464,5802400,0.0,0.0
2020-10-21 00:00:00-04:00,1.2596184312227674,1.296665996420055,1.2596184312227674,1.2781422138214111,6421200,0.0,0.0
2020-10-22 00:00:00-04:00,1.2781422279435033,1.3522374695672044,1.2781422279435033,1.3244516849517822,8722100,0.0,0.0
2020-10-23 00:00:00-04:00,1.3892849242563117,1.398546814918518,1.352237361607486,1.398546814918518,10402300,0.0,0.0
2020-10-26 00:00:00-04:00,1.3707611560821533,1.3800230468332126,1.3522373745800345,1.3707611560821533,6510000,0.0,0.0
2020-10-27 00:00:00-04:00,1.3429756239725805,1.3614994074077127,1.3151898384094238,1.3151898384094238,4966800,0.0,0.0
2020-10-28 00:00:00-04:00,1.2781422138214111,1.296665996420055,1.2596184312227674,1.2781422138214111,6281600,0.0,0.0
2020-10-29 00:00:00-04:00,1.3337136867638928,1.3429755781655486,1.2966660107468149,1.3244516849517822,7665000,0.0,0.0
2020-10-30 00:00:00-04:00,1.315189763850278,1.32445165504278,1.2874040902727715,1.3059278726577759,5779800,0.0,0.0
2020-11-02 00:00:00-05:00,1.2874040162461908,1.3059277975660655,1.2596183442663789,1.296665906906128,5769600,0.0,0.0
2020-11-03 00:00:00-05:00,1.3337135930779158,1.3800230468332126,1.3337135930779158,1.3707611560821533,8297700,0.0,0.0
2020-11-04 00:00:00-05:00,1.3429756239725805,1.3522375156901465,1.3151898384094238,1.3151898384094238,5487200,0.0,0.0
2020-11-05 00:00:00-05:00,1.3059279466918579,1.32445173012699,1.2966660549742917,1.3151898384094238,5446300,0.0,0.0
2020-11-06 00:00:00-05:00,1.3059278423184288,1.3151897332957587,1.2874040603637695,1.2874040603637695,5402900,0.0,0.0
2020-11-09 00:00:00-05:00,1.5096896270821845,1.5096896270821845,1.4448562814433656,1.4726420640945435,13249800,0.0,0.0
2020-11-10 00:00:00-05:00,1.5282133690809971,1.5559990406036377,1.5004276975583568,1.5559990406036377,9133200,0.0,0.0
2020-11-11 00:00:00-05:00,1.583784893478529,1.6115705662457613,1.583784893478529,1.59304678440094,11069800,0.0,0.0
2020-11-12 00:00:00-05:00,1.5467371153459197,1.6023085675531343,1.5282133347469955,1.5652610063552856,7297600,0.0,0.0
2020-11-13 00:00:00-05:00,1.6300943506205339,1.6671419143676758,1.6300943506205339,1.6671419143676758,5855300,0.0,0.0
2020-11-16 00:00:00-05:00,1.7412372694222307,1.7412372694222307,1.6856659200626973,1.6949278116226196,6194400,0.0,0.0
2020-11-17 00:00:00-05:00,1.7041896136340902,1.722713395780583,1.694927722560844,1.7134515047073364,5996100,0.0,0.0
2020-11-18 00:00:00-05:00,1.7227134863023863,1.7412372694222307,1.6856659200626973,1.6949278116226196,5060600,0.0,0.0
2020-11-19 00:00:00-05:00,1.6949277520634913,1.7319753170013428,1.6949277520634913,1.7319753170013428,3597700,0.0,0.0
2020-11-20 00:00:00-05:00,1.7319753170013428,1.7504990994702685,1.713451534532417,1.7319753170013428,4210300,0.0,0.0
2020-11-23 00:00:00-05:00,1.7782846250020463,1.806070406800699,1.76902273453931,1.7875465154647827,5272400,0.0,0.0
2020-11-24 00:00:00-05:00,1.88016566700584,1.9357370138168337,1.8709037758706746,1.9357370138168335,7843100,0.0,0.0
2020-11-25 00:00:00-05:00,1.8338561365831367,1.8616418088561062,1.8245942458254802,1.8523799180984497,6136600,0.0,0.0
2020-11-27 00:00:00-05:00,1.7968087196350098,1.8153325026563265,1.7875467177138955,1.7968087196350098,3515900,0.0,0.0
2020-11-30 00:00:00-05:00,1.787546727221842,1.787546727221842,1.6949278116226194,1.6949278116226196,6929700,0.0,0.0
2020-12-01 00:00:00-05:00,1.8060704643101673,1.8709036996137627,1.7968085735525108,1.8523799180984497,8190200,0.0,0.0
2020-12-02 00:00:00-05:00,1.8431181310292892,1.8894275874228077,1.8338562397505855,1.880165696144104,7896100,0.0,0.0
2020-12-03 00:00:00-05:00,1.9079511484492726,1.935736819059208,1.8986892582459607,1.926474928855896,7558100,0.0,0.0
2020-12-04 00:00:00-05:00,1.917213201522827,1.9449988744931985,1.8986894195425794,1.9172132015228271,8741500,0.0,0.0
2020-12-07 00:00:00-05:00,1.8060704469680786,1.824594228305524,1.7782846645514643,1.8060704469680786,9173400,0.0,0.0
2020-12-08 00:00:00-05:00,1.8245943941669849,1.8338562856776432,1.7875467177138955,1.7968087196350098,4380100,0.0,0.0
2020-12-09 00:00:00-05:00,1.8338561948233238,1.8431180858751224,1.7875466291538806,1.8153324127197266,5129100,0.0,0.0
2020-12-10 00:00:00-05:00,1.6856658175632664,1.7690228365339185,1.6764038161560775,1.7412371635437012,11451800,0.0,0.0
2020-12-11 00:00:00-05:00,1.6393561363220215,1.6486180266642578,1.6208323556375488,1.6393561363220215,8748200,0.0,0.0
2020-12-14 00:00:00-05:00,1.7319752868538292,1.7597609600735682,1.7041896136340902,1.7134515047073364,7379000,0.0,0.0
2020-12-15 00:00:00-05:00,1.7319752154649832,1.806070451407335,1.7227133247734951,1.7782846689224243,10490500,0.0,0.0
2020-12-16 00:00:00-05:00,1.787546483767783,1.8060703747752316,1.7597608128722728,1.7690227031707764,5266900,0.0,0.0
2020-12-17 00:00:00-05:00,1.7875465596139124,1.815332342098823,1.769022778230936,1.7782846689224243,4503200,0.0,0.0
2020-12-18 00:00:00-05:00,1.7412371779270757,1.7412371779270757,1.694927722560844,1.7134515047073364,7191500,0.0,0.0
2020-12-21 00:00:00-05:00,1.593046786873392,1.6856658066516959,1.593046786873392,1.6671419143676758,14466400,0.0,0.0
2020-12-22 00:00:00-05:00,1.6764037609100344,1.6949276527035058,1.6578799795270092,1.6764037609100342,7198300,0.0,0.0
2020-12-23 00:00:00-05:00,1.7690227611785374,1.8523798870088608,1.7504989799741202,1.8338561058044434,9858500,0.0,0.0
2020-12-24 00:00:00-05:00,1.8894276782309105,1.8986895699547515,1.8523801113355463,1.8616420030593872,5250400,0.0,0.0
2020-12-28 00:00:00-05:00,1.8894275426864624,1.9079513248052786,1.8801656516270544,1.8894275426864624,5108600,0.0,0.0
2020-12-29 00:00:00-05:00,1.824594187726172,1.8338560781889084,1.7782846250020463,1.7875465154647827,7329200,0.0,0.0
2020-12-30 00:00:00-05:00,1.8245943037715253,1.8338561948233238,1.7968086306161297,1.8153324127197266,3539800,0.0,0.0
2020-12-31 00:00:00-05:00,1.7968086306161297,1.8245943037715253,1.7875466291538806,1.8153324127197266,2896500,0.0,0.0
2021-01-04 00:00:00-05:00,1.750499069000322,1.7597609600735682,1.694927722560844,1.7134515047073364,9242500,0.0,0.0
2021-01-05 00:00:00-05:00,1.7134514905534837,1.7597609455371792,1.7041895995567446,1.7412371635437012,6082000,0.0,0.0
2021-01-06 00:00:00-05:00,1.8060704339978173,1.8523798870088608,1.8060704339978173,1.8338561058044434,8016000,0.0,0.0
2021-01-07 00:00:00-05:00,1.824594228305524,1.833856118974247,1.7968085562993559,1.8060704469680786,8168900,0.0,0.0
2021-01-08 00:00:00-05:00,1.8060704776103598,1.8338561500879473,1.7782846947223243,1.824594259262085,10916100,0.0,0.0
2021-01-11 00:00:00-05:00,1.76902273453931,1.806070406800699,1.7597608440765735,1.7875465154647827,7627700,0.0,0.0
2021-01-12 00:00:00-05:00,1.8338561500879473,1.8338561500879473,1.8153323684362224,1.824594259262085,5097800,0.0,0.0
2021-01-13 00:00:00-05:00,1.8060706111456681,1.8153325026563265,1.7875467177138955,1.7968087196350098,4167000,0.0,0.0
2021-01-14 00:00:00-05:00,1.8060704776103598,1.824594259262085,1.7968085867844972,1.824594259262085,5069300,0.0,0.0
2021-01-15 00:00:00-05:00,1.7968085607158468,1.806070451407335,1.7597608875394477,1.7782846689224243,5138700,0.0,0.0
2021-01-19 00:00:00-05:00,1.7875465154647827,1.7968085163379626,1.7597608440765735,1.7875465154647827,5203500,0.0,0.0
2021-01-20 00:00:00-05:00,1.7597608875394477,1.7875465596139124,1.7504989968479596,1.7782846689224243,4095300,0.0,0.0
2021-01-21 00:00:00-05:00,1.787546528214814,1.787546528214814,1.750498966099619,1.759760856628418,3590400,0.0,0.0
2021-01-22 00:00:00-05:00,1.7227134704589844,1.7319753619337273,1.7041896875094988,1.7227134704589844,4143000,0.0,0.0
2021-01-25 00:00:00-05:00,1.6856657576209169,1.7041895389556885,1.6671418658756991,1.7041895389556885,7324100,0.0,0.0
2021-01-26 00:00:00-05:00,1.7134515789842417,1.7319753619337273,1.6949277960347562,1.7227134704589844,4791500,0.0,0.0
2021-01-27 00:00:00-05:00,1.6578800827942244,1.6671419740626483,1.6208325177205287,1.6300944089889526,8182400,0.0,0.0
2021-01-28 00:00:00-05:00,1.630094388546865,1.6949277370232474,1.630094388546865,1.6856658458709717,5710600,0.0,0.0
2021-01-29 00:00:00-05:00,1.6300943205419007,1.6764037743713223,1.611570539010132,1.6486181020736694,7125200,0.0,0.0
2021-02-01 00:00:00-05:00,1.6856658066516959,1.6856658066516959,1.6578800234308904,1.6671419143676758,3055300,0.0,0.0
2021-02-02 00:00:00-05:00,1.6764039180923185,1.6949278116226194,1.6671420265323962,1.6949278116226196,2464200,0.0,0.0
2021-02-03 00:00:00-05:00,1.6949276482883027,1.7041895389556885,1.6856657576209169,1.7041895389556885,3941200,0.0,0.0
2021-02-04 00:00:00-05:00,1.7968085163379626,1.8153322972634356,1.7782846250020463,1.7875465154647827,5544700,0.0,0.0
2021-02-05 00:00:00-05:00,1.8431179964066522,1.8616417776110696,1.8153323246000261,1.8338561058044434,6990000,0.0,0.0
2021-02-08 00:00:00-05:00,1.870903730392456,1.8986894031225345,1.8616418394824301,1.870903730392456,5416200,0.0,0.0
2021-02-09 00:00:00-05:00,1.8894276170143502,1.8986895084381104,1.8709038341668298,1.8986895084381104,4598600,0.0,0.0
2021-02-10 00:00:00-05:00,1.8986894337458706,1.9079513248052786,1.8709037605676462,1.8894275426864624,4994700,0.0,0.0
2021-02-11 00:00:00-05:00,1.8523799180984497,1.8709036996137627,1.8338561365831367,1.8523799180984497,4077800,0.0,0.0
2021-02-12 00:00:00-05:00,1.8616418394824301,1.8801656213024822,1.852379948572404,1.870903730392456,2255800,0.0,0.0
2021-02-16 00:00:00-05:00,1.9542610458855376,2.0190945129397706,1.9449991535664946,2.0098326206207275,7804200,0.0,0.0
2021-02-17 00:00:00-05:00,1.963522601870475,1.9820466041564941,1.9357369296727864,1.9820466041564941,7206000,0.0,0.0
2021-02-18 00:00:00-05:00,1.917213201522827,1.9264750925129508,1.8801656375623317,1.9172132015228271,4829500,0.0,0.0
2021-02-19 00:00:00-05:00,1.9357370435559245,1.9635227173882976,1.9357370435559245,1.9542608261108398,5382800,0.0,0.0
2021-02-22 00:00:00-05:00,1.9449988905203115,1.9913085666734296,1.9357369994538682,1.9635226726531982,6784200,0.0,0.0
2021-02-23 00:00:00-05:00,2.019094184474542,2.0376179660991887,1.9727847304129253,2.0283560752868652,8192500,0.0,0.0
2021-02-24 00:00:00-05:00,2.000570549337628,2.046880006790161,1.9913086578471215,2.046880006790161,6200200,0.0,0.0
2021-02-25 00:00:00-05:00,2.0561418074785616,2.06540369856005,1.963522675842775,1.991308569908142,10454200,0.0,0.0
2021-02-26 00:00:00-05:00,1.9913084948890571,2.00057038562162,1.963522601870475,1.9820466041564941,6681600,0.0,0.0
2021-03-01 00:00:00-05:00,1.991308569908142,2.009832352071119,1.9727847877451652,1.991308569908142,3629300,0.0,0.0
2021-03-02 00:00:00-05:00,1.9727846262710267,2.000570297241211,1.9635225151267481,2.000570297241211,5976500,0.0,0.0
2021-03-03 00:00:00-05:00,2.0098323968923313,2.0746656359085947,2.0098323968923313,2.0561418533325195,13526700,0.0,0.0
2021-03-04 00:00:00-05:00,2.0654038353322512,2.0746657270270674,2.000570593468538,2.0376181602478027,18401400,0.0,0.0
2021-03-05 00:00:00-05:00,2.0839274373057592,2.0931893281942826,2.009832310197575,2.0746655464172363,9464300,0.0,0.0
2021-03-08 00:00:00-05:00,2.0931893886928186,2.13023695331768,2.083927497536603,2.111713171005249,9091200,0.0,0.0
2021-03-09 00:00:00-05:00,2.0931893281942826,2.1117131099713284,2.0654036555287134,2.0746655464172363,5872500,0.0,0.0
2021-03-10 00:00:00-05:00,2.0839273929595947,2.102451174342453,2.0561417208853072,2.0839273929595947,4028500,0.0,0.0
2021-03-11 00:00:00-05:00,2.0561417646401905,2.0839274373057592,2.037617982863144,2.0746655464172363,4860800,0.0,0.0
2021-03-12 00:00:00-05:00,2.0746655194803507,2.130236864089966,2.0746655194803507,2.130236864089966,8961600,0.0,0.0
2021-03-15 00:00:00-04:00,2.111713126586212,2.1209750175476074,2.0654036717792357,2.1209750175476074,7259300,0.0,0.0
2021-03-16 00:00:00-04:00,2.1209750621614645,2.1209750621614645,2.0931893886928186,2.111713171005249,6536400,0.0,0.0
2021-03-17 00:00:00-04:00,2.120974973321697,2.139498754858235,2.0931893010168894,2.130236864089966,6655300,0.0,0.0
2021-03-18 00:00:00-04:00,2.102451174342453,2.1394987371081697,2.0746655022681657,2.0839273929595947,7596300,0.0,0.0
2021-03-19 00:00:00-04:00,2.065403461456299,2.0839272414927867,2.0376177914015665,2.065403461456299,5579200,0.0,0.0
2021-03-22 00:00:00-04:00,2.1024510215292747,2.1024510215292747,2.065403461456299,2.065403461456299,4208000,0.0,0.0
2021-03-23 00:00:00-04:00,2.074665681261681,2.1024513557332005,2.0376181152996544,2.046880006790161,4858100,0.0,0.0
2021-03-24 00:00:00-04:00,2.0931894779205322,2.130237044124644,2.0839275863695046,2.0931894779205322,8573300,0.0,0.0
2021-03-25 00:00:00-04:00,2.0746655194803507,2.130236864089966,2.0654036287120814,2.130236864089966,8302400,0.0,0.0
2021-03-26 00:00:00-04:00,2.120974973321697,2.139498754858235,2.1024511917851583,2.130236864089966,6077100,0.0,0.0
2021-03-29 00:00:00-04:00,2.1209750621614645,2.1394988444738954,2.102451279849034,2.111713171005249,5954300,0.0,0.0
2021-03-30 00:00:00-04:00,2.1302367331205287,2.176546184114716,2.1302367331205287,2.158022403717041,4733000,0.0,0.0
2021-03-31 00:00:00-04:00,2.1672843379487063,2.176546228335718,2.139498666787671,2.1487605571746826,3663700,0.0,0.0
2021-04-01 00:00:00-04:00,2.1580225535366577,2.176546335220337,2.1487606626948184,2.176546335220337,2761100,0.0,0.0
2021-04-05 00:00:00-04:00,2.195070239504521,2.2043323516845703,2.1765464567862396,2.2043323516845703,2429400,0.0,0.0
2021-04-06 00:00:00-04:00,2.1950701617714383,2.2043322736234923,2.148760706615672,2.1672844886779785,3625300,0.0,0.0
2021-04-07 00:00:00-04:00,2.1950700283050537,2.2043321395939457,2.176546247369045,2.1950700283050537,3911900,0.0,0.0
2021-04-08 00:00:00-04:00,2.1950701169040157,2.1950701169040157,2.1672844443784975,2.176546335220337,3672700,0.0,0.0
2021-04-09 00:00:00-04:00,2.185808270740285,2.185808270740285,2.148760706615672,2.1672844886779785,1590000,0.0,0.0
2021-04-12 00:00:00-04:00,2.21359387326913,2.2413795427050345,2.2043319834571613,2.2321176528930664,3573800,0.0,0.0
2021-04-13 00:00:00-04:00,2.213594243043711,2.213594243043711,2.1858083481453803,2.2043323516845703,2342000,0.0,0.0
2021-04-14 00:00:00-04:00,2.1858083481453803,2.2228561344028517,2.1765464567862396,2.2043323516845703,3796600,0.0,0.0
2021-04-15 00:00:00-04:00,2.2249858948538885,2.2249858948538885,2.178045306660208,2.206209659576416,3796300,0.032,0.0
2021-04-16 00:00:00-04:00,2.2343743749125005,2.243762493133545,2.2155979146400178,2.243762493133545,3680200,0.0,0.0
2021-04-19 00:00:00-04:00,2.262538433074951,2.2813146670564555,2.2531503160841986,2.262538433074951,5097800,0.0,0.0
2021-04-20 00:00:00-04:00,2.2249858248238903,2.2249858248238903,2.14049276873463,2.149880886077881,16583900,0.0,0.0
2021-04-21 00:00:00-04:00,2.1217167121988068,2.1780454209879734,2.1123285940672787,2.1686573028564453,4356100,0.0,0.0
2021-04-22 00:00:00-04:00,2.1404929161071777,2.1498810340967993,2.1123285621383134,2.1404929161071777,4249000,0.0,0.0
2021-04-23 00:00:00-04:00,2.1498809537439993,2.206209659576416,2.131104718466527,2.206209659576416,5140600,0.0,0.0
2021-04-26 00:00:00-04:00,2.206209476517376,2.215597593377138,2.1874332427978516,2.1874332427978516,5138900,0.0,0.0
2021-04-27 00:00:00-04:00,2.224986121902189,2.2719269387163172,2.224986121902189,2.253150701522827,4773800,0.0,0.0
2021-04-28 00:00:00-04:00,2.309479269315326,2.3470317413642925,2.309479269315326,2.337643623352051,15615800,0.0,0.0
2021-04-29 00:00:00-04:00,2.3470318629943168,2.3751962184906006,2.3376437444955553,2.3751962184906006,6790300,0.0,0.0
2021-04-30 00:00:00-04:00,2.337643623352051,2.3470317413642925,2.3188673873275674,2.337643623352051,3609500,0.0,0.0
2021-05-03 00:00:00-04:00,2.356419654486791,2.3751958888786877,2.3376434200948935,2.3658077716827393,2382500,0.0,0.0
2021-05-04 00:00:00-04:00,2.3470317413642925,2.375196095401017,2.309479269315326,2.337643623352051,5575500,0.0,0.0
2021-05-05 00:00:00-04:00,2.3564196890966613,2.393972158432007,2.3564196890966613,2.393972158432007,4168700,0.0,0.0
2021-05-06 00:00:00-04:00,2.403360457168133,2.4127485752105713,2.365807984998379,2.4127485752105713,4188000,0.0,0.0
2021-05-07 00:00:00-04:00,2.3845841644727437,2.4315247535705566,2.375196046653181,2.4315247535705566,4372500,0.0,0.0
2021-05-10 00:00:00-04:00,2.497241883613533,2.5160181198652563,2.4784656473618094,2.487853765487671,5681800,0.0,0.0
2021-05-11 00:00:00-04:00,2.459689140319824,2.497241835936715,2.4409129044265727,2.459689140319824,14850700,0.0,0.0
2021-05-12 00:00:00-04:00,2.4690772991243715,2.4878535336261987,2.431524606290346,2.4409127235412598,5794400,0.0,0.0
2021-05-13 00:00:00-04:00,2.422136626564274,2.4784655570983887,2.412748508780319,2.4784655570983887,4826900,0.0,0.0
2021-05-14 00:00:00-04:00,2.506629650170809,2.544182117407316,2.506629650170809,2.5254058837890625,7544000,0.0,0.0
2021-05-17 00:00:00-04:00,2.5160179481126437,2.544182300567627,2.506629830627649,2.544182300567627,4863400,0.0,0.0
2021-05-18 00:00:00-04:00,2.5723466530226102,2.5817347705076044,2.544182300567627,2.544182300567627,5825500,0.0,0.0
2021-05-19 00:00:00-04:00,2.5160177669799357,2.544182117407316,2.478465299743429,2.5254058837890625,6901700,0.0,0.0
2021-05-20 00:00:00-04:00,2.5347941830826324,2.553570418052621,2.506629830627649,2.544182300567627,5693700,0.0,0.0
2021-05-21 00:00:00-04:00,2.5441822443723487,2.5629584789276123,2.5347941270947167,2.5629584789276123,2867500,0.0,0.0
2021-05-24 00:00:00-04:00,2.5535704520965825,2.5817348049270503,2.534794216876271,2.5723466873168945,4938300,0.0,0.0
2021-05-25 00:00:00-04:00,2.5723465962052443,2.5911228307605083,2.5535703616499807,2.5629584789276123,5090300,0.0,0.0
2021-05-26 00:00:00-04:00,2.5347941830826324,2.5629585355376157,2.506629830627649,2.544182300567627,4171200,0.0,0.0
2021-05-27 00:00:00-04:00,2.5911230217766654,2.6568398475646973,2.5817349038069466,2.6568398475646973,8339400,0.0,0.0
2021-05-28 00:00:00-04:00,2.638063430786133,2.6474515481122967,2.6192871961338056,2.638063430786133,4481100,0.0,0.0
2021-06-01 00:00:00-04:00,2.6286753699540757,2.638063487482004,2.609899134898219,2.6192872524261475,4822400,0.0,0.0
2021-06-02 00:00:00-04:00,2.6380636116252596,2.6568398475646973,2.619287375685822,2.6568398475646973,6424300,0.0,0.0
2021-06-03 00:00:00-04:00,2.6098989525194733,2.6098989525194733,2.5817346019038023,2.600510835647583,8569200,0.0,0.0
2021-06-04 00:00:00-04:00,2.600510835647583,2.600510835647583,2.562958368160022,2.600510835647583,4863100,0.0,0.0
2021-06-07 00:00:00-04:00,2.619287342962997,2.6286754608154297,2.6005111072581313,2.6286754608154297,3635600,0.0,0.0
2021-06-08 00:00:00-04:00,2.581734895706177,2.5911230136464387,2.562958659825654,2.5817348957061768,2944900,0.0,0.0
2021-06-09 00:00:00-04:00,2.544182448628267,2.544182448628267,2.525406212565581,2.534794330596924,3754500,0.0,0.0
2021-06-10 00:00:00-04:00,2.5629583510255696,2.5629583510255696,2.5160177669799357,2.5254058837890625,3844500,0.0,0.0
2021-06-11 00:00:00-04:00,2.5347942733185067,2.553570508956909,2.5160180376801047,2.553570508956909,3266700,0.0,0.0
2021-06-14 00:00:00-04:00,2.51601797059615,2.5254060881650378,2.4878536178894857,2.497241735458374,9994000,0.0,0.0
2021-06-15 00:00:00-04:00,2.497241679104298,2.5254060311753905,2.497241679104298,2.5160179138183594,5085200,0.0,0.0
2021-06-16 00:00:00-04:00,2.506629853027262,2.51601797059615,2.46907738275171,2.497241735458374,6028300,0.0,0.0
2021-06-17 00:00:00-04:00,2.506630105261019,2.506630105261019,2.4315249333219557,2.450301170349121,6546800,0.0,0.0
2021-06-18 00:00:00-04:00,2.393972455488123,2.4127486924856454,2.3564199814930777,2.3751962184906006,6757600,0.0,0.0
2021-06-21 00:00:00-04:00,2.3845840753072043,2.4315246626497915,2.3845840753072043,2.4221365451812744,4542200,0.0,0.0
2021-06-22 00:00:00-04:00,2.4127484845108103,2.422136602200332,2.393972249131768,2.403360366821289,5310500,0.0,0.0
2021-06-23 00:00:00-04:00,2.440912871390119,2.4596891070292446,2.4127485179314316,2.4315247535705566,4237900,0.0,0.0
2021-06-24 00:00:00-04:00,2.4409129044265727,2.459689140319824,2.4127485505866955,2.459689140319824,4429000,0.0,0.0
2021-06-25 00:00:00-04:00,2.431524606290346,2.450300840792173,2.422136489039432,2.4409127235412598,3326600,0.0,0.0
2021-06-28 00:00:00-04:00,2.422136510433516,2.4315246277673523,2.3845840410981705,2.393972158432007,4764800,0.0,0.0
2021-06-29 00:00:00-04:00,2.403360183993426,2.4127483009687767,2.375195833067374,2.3845839500427246,3740000,0.0,0.0
2021-06-30 00:00:00-04:00,2.375195923764334,2.403360275765843,2.375195923764334,2.393972158432007,3201000,0.0,0.0
2021-07-01 00:00:00-04:00,2.4127485179314316,2.4315247535705566,2.4127485179314316,2.4315247535705566,2251400,0.0,0.0
2021-07-02 00:00:00-04:00,2.422136510433516,2.422136510433516,2.375195923764334,2.393972158432007,2900400,0.0,0.0
2021-07-06 00:00:00-04:00,2.412748357662482,2.422136474858431,2.356419654486791,2.3658077716827393,5695700,0.0,0.0
2021-07-07 00:00:00-04:00,2.3564199814930777,2.393972455488123,2.3470318629943168,2.3751962184906006,5839600,0.0,0.0
2021-07-08 00:00:00-04:00,2.309478998184204,2.318867115094288,2.290702764364037,2.309478998184204,9492900,0.0,0.0
2021-07-09 00:00:00-04:00,2.3658078960632034,2.403360366821289,2.356419778373682,2.403360366821289,5863200,0.0,0.0
2021-07-12 00:00:00-04:00,2.3751959578386868,2.4315246626497915,2.3658078403701692,2.4221365451812744,4544300,0.0,0.0
2021-07-13 00:00:00-04:00,2.422136602200332,2.431524719889853,2.3845841314422462,2.403360366821289,5832700,0.0,0.0
2021-07-14 00:00:00-04:00,2.431524811295448,2.4596891654227635,2.384584221083256,2.4127485752105713,4794200,0.0,0.0
2021-07-15 00:00:00-04:00,2.3751962184906006,2.403360573986884,2.3564199814930777,2.3751962184906006,4744000,0.0,0.0
2021-07-16 00:00:00-04:00,2.365807699644706,2.365807699644706,2.3000908812741203,2.309478998184204,4389600,0.0,0.0
2021-07-19 00:00:00-04:00,2.2343740509270242,2.2343740509270242,2.1780451259380893,2.1874332427978516,10693800,0.0,0.0
2021-07-20 00:00:00-04:00,2.159269016146354,2.2249858379364014,2.140492781349198,2.2249858379364014,9149000,0.0,0.0
2021-07-21 00:00:00-04:00,2.2813147374517087,2.3282553238539307,2.2813147374517087,2.3188672065734863,4387300,0.0,0.0
2021-07-22 00:00:00-04:00,2.3188674716509707,2.3188674716509707,2.2719268798828125,2.2719268798828125,6803900,0.0,0.0
2021-07-23 00:00:00-04:00,2.3282553238539307,2.3470315584148196,2.309479089293042,2.3188672065734863,4176400,0.0,0.0
2021-07-26 00:00:00-04:00,2.337643365165971,2.3845839500427246,2.337643365165971,2.3845839500427246,5349200,0.0,0.0
2021-07-27 00:00:00-04:00,2.3564199814930777,2.393972455488123,2.3376437444955553,2.3751962184906006,7204900,0.0,0.0
2021-07-28 00:00:00-04:00,2.4033603102442394,2.422136545181274,2.3845840753072043,2.4221365451812744,7208600,0.0,0.0
2021-07-29 00:00:00-04:00,2.3845843369893616,2.403360573986884,2.365808099991839,2.3751962184906006,6792900,0.0,0.0
2021-07-30 00:00:00-04:00,2.3470317413642925,2.384584213413259,2.328255505339809,2.337643623352051,5299400,0.0,0.0
2021-08-02 00:00:00-04:00,2.3564199814930777,2.393972455488123,2.3470318629943168,2.3751962184906006,8220300,0.0,0.0
2021-08-03 00:00:00-04:00,2.403360254537605,2.450300840792173,2.3658077855339505,2.4409127235412598,11077800,0.0,0.0
2021-08-04 00:00:00-04:00,2.422136635750994,2.440912871390119,2.4127485179314316,2.4315247535705566,5874200,0.0,0.0
2021-08-05 00:00:00-04:00,2.3845840410981705,2.403360275765843,2.3658078064304977,2.393972158432007,5989800,0.0,0.0
2021-08-06 00:00:00-04:00,2.4292197227478027,2.44827240864183,2.4196933798007887,2.4292197227478027,8064100,0.037,0.0
2021-08-09 00:00:00-04:00,2.4196934371412557,2.448272466659546,2.4006407507957293,2.448272466659546,4250200,0.0,0.0
2021-08-10 00:00:00-04:00,2.410167036853775,2.4387460656948163,2.4006406939067615,2.4292197227478027,5942900,0.0,0.0
2021-08-11 00:00:00-04:00,2.4196932903050477,2.4387459754943848,2.4101669477103793,2.4387459754943848,5280000,0.0,0.0
2021-08-12 00:00:00-04:00,2.438745916309598,2.438745916309598,2.4006405468556853,2.4196932315826416,7559300,0.0,0.0
2021-08-13 00:00:00-04:00,2.419693560914699,2.419693560914699,2.391114529934519,2.4101672172546387,5291300,0.0,0.0
2021-08-16 00:00:00-04:00,2.3720615808748895,2.381587923483788,2.3434825530481946,2.362535238265991,5187200,0.0,0.0
2021-08-17 00:00:00-04:00,2.333956365164475,2.3434827084049035,2.28632464896233,2.295850992202759,5839200,0.0,0.0
2021-08-18 00:00:00-04:00,2.276798305721901,2.314903678683617,2.276798305721901,2.295850992202759,7526700,0.0,0.0
2021-08-19 00:00:00-04:00,2.2577452069673813,2.276798119011733,2.229166179589735,2.23869252204895,6901000,0.0,0.0
2021-08-20 00:00:00-04:00,2.248219081659794,2.2672719955444336,2.2291663949010965,2.2672719955444336,8674000,0.0,0.0
2021-08-23 00:00:00-04:00,2.2672719955444336,2.286324682303131,2.257745425039143,2.2672719955444336,3910400,0.0,0.0
2021-08-24 00:00:00-04:00,2.2291663270354616,2.2672719265186965,2.2101136408568114,2.2482190132141113,7275000,0.0,0.0
2021-08-25 00:00:00-04:00,2.2672721079611695,2.30537748336792,2.2577455369835286,2.30537748336792,4062400,0.0,0.0
2021-08-26 00:00:00-04:00,2.2958508639191484,2.305377206627281,2.2577452659606934,2.2577452659606934,6344800,0.0,0.0
2021-08-27 00:00:00-04:00,2.248218992164685,2.2863245912911485,2.248218992164685,2.2767982482910156,3309400,0.0,0.0
2021-08-30 00:00:00-04:00,2.267271776552517,2.286324461470948,2.229166179589735,2.23869252204895,3402600,0.0,0.0
2021-08-31 00:00:00-04:00,2.23869252204895,2.267271776552517,2.229166179589735,2.23869252204895,4733400,0.0,0.0
2021-09-01 00:00:00-04:00,2.286324682303131,2.29585102568248,2.257745425039143,2.2672719955444336,3840500,0.0,0.0
2021-09-02 00:00:00-04:00,2.248218923252561,2.276798178502884,2.238692580544429,2.2577452659606934,3681600,0.0,0.0
2021-09-03 00:00:00-04:00,2.248218923252561,2.2672718357947517,2.238692580544429,2.2577452659606934,6615900,0.0,0.0
2021-09-07 00:00:00-04:00,2.238692703014347,2.257745389472908,2.200587330097225,2.219640016555786,5261900,0.0,0.0
2021-09-08 00:00:00-04:00,2.1910608122305204,2.2005871547005085,2.1529554423505686,2.1624817848205566,10494500,0.0,0.0
2021-09-09 00:00:00-04:00,2.1815345287323,2.2196398996423254,2.1815345287323,2.1815345287323,5148100,0.0,0.0
2021-09-10 00:00:00-04:00,2.2196399586051743,2.2291663015857397,2.1910609296634775,2.200587272644043,5879300,0.0,0.0
2021-09-13 00:00:00-04:00,2.248218923252561,2.276798178502884,2.238692580544429,2.2577452659606934,5760100,0.0,0.0
2021-09-14 00:00:00-04:00,2.286324461470948,2.3053771463893797,2.219639837130519,2.23869252204895,7407400,0.0,0.0
2021-09-15 00:00:00-04:00,2.2767983958386906,2.295851083073663,2.2672720522212044,2.2863247394561768,6710700,0.0,0.0
2021-09-16 00:00:00-04:00,2.305377392637732,2.3339564230680416,2.2958510491609623,2.314903736114502,6881000,0.0,0.0
2021-09-17 00:00:00-04:00,2.3149036457561585,2.333956331966009,2.2863246164413833,2.324429988861084,9121100,0.0,0.0
2021-09-20 00:00:00-04:00,2.238692794667079,2.238692794667079,2.172008389332037,2.210113763809204,10035300,0.0,0.0
2021-09-21 00:00:00-04:00,2.2005871547005085,2.2196398396404846,2.1529554423505686,2.1624817848205566,7813500,0.0,0.0
2021-09-22 00:00:00-04:00,2.2196399264597653,2.257745297830176,2.2196399264597653,2.229166269302368,5941600,0.0,0.0
2021-09-23 00:00:00-04:00,2.2863247056841924,2.324430079591272,2.2863247056841924,2.314903736114502,3364400,0.0,0.0
2021-09-24 00:00:00-04:00,2.324429988861084,2.353009018175859,2.324429988861084,2.324429988861084,4464700,0.0,0.0
2021-09-27 00:00:00-04:00,2.3339562104392964,2.3720615808748895,2.3339562104392964,2.362535238265991,7011800,0.0,0.0
2021-09-28 00:00:00-04:00,2.34348285877467,2.34348285877467,2.295851139516232,2.30537748336792,8531200,0.0,0.0
2021-09-29 00:00:00-04:00,2.3244298096136378,2.353008836724553,2.3149034672433326,2.343482494354248,6889200,0.0,0.0
2021-09-30 00:00:00-04:00,2.362535269816014,2.3720616125521294,2.32442989887155,2.333956241607666,6599900,0.0,0.0
2021-10-01 00:00:00-04:00,2.2958509595463084,2.333956331966009,2.2767982733364582,2.324429988861084,8515200,0.0,0.0
2021-10-04 00:00:00-04:00,2.3053774266911495,2.324430113926122,2.2767983958386906,2.2863247394561768,7430400,0.0,0.0
2021-10-05 00:00:00-04:00,2.3339563566091157,2.3911144158421704,2.3244300134036067,2.3720617294311523,5423300,0.0,0.0
2021-10-06 00:00:00-04:00,2.343482610803039,2.3815879821777344,2.3339562679593655,2.3815879821777344,7656900,0.0,0.0
2021-10-07 00:00:00-04:00,2.3625354430391092,2.3911144733428955,2.3530090996045137,2.3911144733428955,7771400,0.0,0.0
2021-10-08 00:00:00-04:00,2.4006407260894775,2.419693412238923,2.381588039940032,2.4006407260894775,4340800,0.0,0.0
2021-10-11 00:00:00-04:00,2.4387460656948163,2.467325094535857,2.4196933798007887,2.4292197227478027,4687700,0.0,0.0
2021-10-12 00:00:00-04:00,2.457798923641382,2.4863779544830322,2.4482725800274987,2.4863779544830322,8088400,0.0,0.0
2021-10-13 00:00:00-04:00,2.467325210571289,2.4768515539663154,2.429219836991183,2.467325210571289,7027200,0.0,0.0
2021-10-14 00:00:00-04:00,2.505430608517281,2.5149569511413574,2.486377696143204,2.5149569511413574,5279800,0.0,0.0
2021-10-15 00:00:00-04:00,2.5244834097792515,2.5625887820267077,2.5244834097792515,2.5530624389648438,6013700,0.0,0.0
2021-10-18 00:00:00-04:00,2.5435360959029794,2.5530624389648438,2.5244834097792515,2.5530624389648438,7892100,0.0,0.0
2021-10-19 00:00:00-04:00,2.562588749739494,2.5816414356231685,2.5530624067976566,2.581641435623169,4854700,0.0,0.0
2021-10-20 00:00:00-04:00,2.524483262785341,2.5625886328140237,2.5149569202781707,2.5435359477996826,5013400,0.0,0.0
2021-10-21 00:00:00-04:00,2.5244834641567393,2.5340098074238013,2.4959042072296143,2.4959042072296143,4854400,0.0,0.0
2021-10-22 00:00:00-04:00,2.524483466497119,2.591167869428374,2.4959042095434993,2.572115182876587,23423100,0.0,0.0
2021-10-25 00:00:00-04:00,2.5435360959029794,2.5530624389648438,2.5149570667173875,2.5530624389648438,14423300,0.0,0.0
2021-10-26 00:00:00-04:00,2.553062380742333,2.572115066431565,2.5340096950531006,2.5340096950531006,7341800,0.0,0.0
2021-10-27 00:00:00-04:00,2.534009785491127,2.5530624718603434,2.5054307559373017,2.5244834423065186,5914200,0.0,0.0
2021-10-28 00:00:00-04:00,2.5625888963280037,2.59116792678833,2.553062552841228,2.59116792678833,5630100,0.0,0.0
2021-10-29 00:00:00-04:00,2.610220613761881,2.6197469572486565,2.5816415833015545,2.59116792678833,6033200,0.0,0.0
2021-11-01 00:00:00-04:00,2.6292731761932373,2.6483258622643095,2.619746833157701,2.6292731761932373,5582300,0.0,0.0
2021-11-02 00:00:00-04:00,2.619746833157701,2.6387995192287734,2.600694147086629,2.6292731761932373,5851100,0.0,0.0
2021-11-03 00:00:00-04:00,2.591167746632616,2.629273117930372,2.5816414038081774,2.610220432281494,4641700,0.0,0.0
2021-11-04 00:00:00-04:00,2.5054306007829883,2.5054306007829883,2.4196932903050477,2.4387459754943848,13542900,0.0,0.0
2021-11-05 00:00:00-04:00,2.476851463317871,2.495904149410629,2.457798777225113,2.476851463317871,9027000,0.0,0.0
2021-11-08 00:00:00-05:00,2.4959042980969155,2.524483556064513,2.476851610869149,2.4863779544830322,5388400,0.0,0.0
2021-11-09 00:00:00-05:00,2.4673250622284026,2.4673250622284026,2.438746033761579,2.457798719406128,6852900,0.0,0.0
2021-11-10 00:00:00-05:00,2.5054306606434293,2.514957003465704,2.457798719406128,2.457798719406128,5665300,0.0,0.0
2021-11-11 00:00:00-05:00,2.4768514992575397,2.5244834423065186,2.4768514992575397,2.5244834423065186,8158400,0.0,0.0
2021-11-12 00:00:00-05:00,2.48637780636425,2.495904149410629,2.457798777225113,2.476851463317871,6261600,0.0,0.0
2021-11-15 00:00:00-05:00,2.51495721245063,2.51495721245063,2.4863779544830322,2.4863779544830322,3898600,0.0,0.0
2021-11-16 00:00:00-05:00,2.505430608517281,2.5149569511413574,2.486377696143204,2.5149569511413574,5706900,0.0,0.0
2021-11-17 00:00:00-05:00,2.553062380742333,2.572115066431565,2.5244833522084846,2.5340096950531006,5236900,0.0,0.0
2021-11-18 00:00:00-05:00,2.5244833522084846,2.5340096950531006,2.495904096548707,2.5340096950531006,5690000,0.0,0.0
2021-11-19 00:00:00-05:00,2.467325210571289,2.486377897361342,2.4387461803862096,2.467325210571289,15390200,0.0,0.0
2021-11-22 00:00:00-05:00,2.48637780636425,2.5054307195829417,2.476851463317871,2.476851463317871,4760100,0.0,0.0
2021-11-23 00:00:00-05:00,2.4959041283030277,2.5244833843264067,2.4959041283030277,2.5054306983947754,5237100,0.0,0.0
2021-11-24 00:00:00-05:00,2.48637780636425,2.495904149410629,2.457798777225113,2.476851463317871,3756500,0.0,0.0
2021-11-26 00:00:00-05:00,2.2958510491609623,2.314903736114502,2.2672720187306528,2.314903736114502,7213200,0.0,0.0
2021-11-29 00:00:00-05:00,2.362535269816014,2.362535269816014,2.314903556135434,2.333956241607666,7551100,0.0,0.0
2021-11-30 00:00:00-05:00,2.3339564230680416,2.353009110021581,2.2958510491609623,2.314903736114502,10769800,0.0,0.0
2021-12-01 00:00:00-05:00,2.3815882341814203,2.3911145780331076,2.295851139516232,2.30537748336792,8624900,0.0,0.0
2021-12-02 00:00:00-05:00,2.3149035252215002,2.362535238265991,2.3149035252215002,2.362535238265991,10458100,0.0,0.0
2021-12-03 00:00:00-05:00,2.333956365164475,2.333956365164475,2.28632464896233,2.295850992202759,9085500,0.0,0.0
2021-12-06 00:00:00-05:00,2.295850992202759,2.314903678683617,2.28632464896233,2.295850992202759,8546200,0.0,0.0
2021-12-07 00:00:00-05:00,2.3434826998146248,2.3815880726366614,2.3434826998146248,2.3720617294311523,7985500,0.0,0.0
2021-12-08 00:00:00-05:00,2.343482494354248,2.3625351790948583,2.333956151983943,2.343482494354248,4769100,0.0,0.0
2021-12-09 00:00:00-05:00,2.314903678683617,2.333956365164475,2.295850992202759,2.295850992202759,6708300,0.0,0.0
2021-12-10 00:00:00-05:00,2.30537748336792,2.314903827219607,2.2863247956645445,2.30537748336792,4758200,0.0,0.0
2021-12-13 00:00:00-05:00,2.2291663933890087,2.2291663933890087,2.1815346765245742,2.191061019897461,7787300,0.0,0.0
2021-12-14 00:00:00-05:00,2.219639837130519,2.2577452069673813,2.219639837130519,2.23869252204895,6462200,0.0,0.0
2021-12-15 00:00:00-05:00,2.2291663015857397,2.2386926445663056,2.1815345866829117,2.200587272644043,6078300,0.0,0.0
2021-12-16 00:00:00-05:00,2.295850992202759,2.3244300219240457,2.276798305721901,2.295850992202759,11479400,0.0,0.0
2021-12-17 00:00:00-05:00,2.3149037124411773,2.3244300558205264,2.257745425039143,2.2672719955444336,10509600,0.0,0.0
2021-12-20 00:00:00-05:00,2.257745425039143,2.2672719955444336,2.2291663949010965,2.2672719955444336,8709300,0.0,0.0
2021-12-21 00:00:00-05:00,2.2863247956645445,2.30537748336792,2.2863247956645445,2.30537748336792,6781800,0.0,0.0
2021-12-22 00:00:00-05:00,2.3244298096136378,2.353008836724553,2.3244298096136378,2.343482494354248,6009900,0.0,0.0
2021-12-23 00:00:00-05:00,2.3815881299083,2.400640816777491,2.3815881299083,2.3911144733428955,4101100,0.0,0.0
2021-12-27 00:00:00-05:00,2.391114204492207,2.4292195739461198,2.3720615197652504,2.4196932315826416,3446800,0.0,0.0
2021-12-28 00:00:00-05:00,2.4101668892191634,2.438745916309598,2.4101668892191634,2.4196932315826416,3279500,0.0,0.0
2021-12-29 00:00:00-05:00,2.419693560914699,2.4292199045747584,2.4101672172546387,2.4101672172546387,3257500,0.0,0.0
2021-12-30 00:00:00-05:00,2.448272258673076,2.4577986010365542,2.4196932315826416,2.4196932315826416,4168200,0.0,0.0
2021-12-31 00:00:00-05:00,2.410167036853775,2.4387460656948163,2.410167036853775,2.4292197227478027,3317700,0.0,0.0
2022-01-03 00:00:00-05:00,2.457798923641382,2.4863779544830322,2.4482725800274987,2.4863779544830322,3824600,0.0,0.0
2022-01-04 00:00:00-05:00,2.5244833522084846,2.5435360378977165,2.5149570093638682,2.5340096950531006,9385600,0.0,0.0
2022-01-05 00:00:00-05:00,2.5911677785650062,2.610220464448681,2.572115092681331,2.581641435623169,9001500,0.0,0.0
2022-01-06 00:00:00-05:00,2.619747002372434,2.686431407928467,2.6006943150707102,2.686431407928467,10974000,0.0,0.0
2022-01-07 00:00:00-05:00,2.6864312274002478,2.715010256432322,2.676904884389556,2.705483913421631,10378800,0.0,0.0
2022-01-10 00:00:00-05:00,2.705483970907164,2.7245366573333745,2.676904941267849,2.724536657333374,8185600,0.0,0.0
2022-01-11 00:00:00-05:00,2.695957606455988,2.7531158924102783,2.67690492017987,2.7531158924102783,10613300,0.0,0.0
2022-01-12 00:00:00-05:00,2.734062889551838,2.772168487983225,2.7245365467254734,2.7626421451568604,10606400,0.0,0.0
2022-01-13 00:00:00-05:00,2.7816947097382934,2.8198000793852422,2.7816947097382934,2.8007473945617676,10326300,0.0,0.0
2022-01-14 00:00:00-05:00,2.8102739112839004,2.857905626296997,2.800747568281281,2.857905626296997,12376000,0.0,0.0
2022-01-18 00:00:00-05:00,2.8198002286429142,2.8293265715588998,2.7816948569789717,2.8102738857269287,11750900,0.0,0.0
2022-01-19 00:00:00-05:00,2.800747700375204,2.800747700375204,2.7340630690858343,2.7435896396636963,11144900,0.0,0.0
2022-01-20 00:00:00-05:00,2.6959577515793285,2.7340631261827757,2.6769050642776047,2.686431407928467,10727700,0.0,0.0
2022-01-21 00:00:00-05:00,2.6387994607548113,2.64832580357925,2.591167746632616,2.610220432281494,13051200,0.0,0.0
2022-01-24 00:00:00-05:00,2.5435360378977165,2.553062380742333,2.4482723823256265,2.5340096950531006,20045400,0.0,0.0
2022-01-25 00:00:00-05:00,2.572114972543659,2.6292730275249596,2.5244832600592417,2.619746685028076,14816700,0.0,0.0
2022-01-26 00:00:00-05:00,2.66737845706857,2.6769047997781534,2.6102204008110688,2.6387994289398193,9131600,0.0,0.0
2022-01-27 00:00:00-05:00,2.686431021645935,2.6959573639270022,2.5816412565541995,2.600693941116333,16134400,0.0,0.0
2022-01-28 00:00:00-05:00,2.59116792678833,2.610220613761881,2.553062552841228,2.59116792678833,13834800,0.0,0.0
2022-01-31 00:00:00-05:00,2.5816414038081774,2.610220432281494,2.5625887181592995,2.610220432281494,10206200,0.0,0.0
2022-02-01 00:00:00-05:00,2.6292731693360993,2.7054839134216304,2.6292731693360993,2.705483913421631,11308600,0.0,0.0
2022-02-02 00:00:00-05:00,2.715010292732106,2.7626422355483373,2.686431263317929,2.7531158924102783,16966800,0.0,0.0
2022-02-03 00:00:00-05:00,2.734062910079956,2.7626421658995595,2.7150102242841743,2.734062910079956,11641900,0.0,0.0
2022-02-04 00:00:00-05:00,2.6387994870130944,2.6769048586900306,2.619746801174626,2.6578521728515625,17124700,0.0,0.0
2022-02-07 00:00:00-05:00,2.686431079769292,2.7054837647436476,2.667378394794936,2.6959574222564697,8258800,0.0,0.0
2022-02-08 00:00:00-05:00,2.686431138086286,2.715010166168213,2.6769047953923106,2.715010166168213,10664500,0.0,0.0
2022-02-09 00:00:00-05:00,2.6959574807802618,2.7245365088621885,2.686431138086286,2.715010166168213,7223600,0.0,0.0
2022-02-10 00:00:00-05:00,2.705483970907164,2.7721686005248376,2.695957627694059,2.724536657333374,26105500,0.0,0.0
2022-02-11 00:00:00-05:00,2.715010256432322,2.781694884633095,2.6864312274002478,2.705483913421631,14406700,0.0,0.0
2022-02-14 00:00:00-05:00,2.6483258622643095,2.6578522052998457,2.610220490122165,2.6292731761932373,12399500,0.0,0.0
2022-02-15 00:00:00-05:00,2.667378720626743,2.6959577515793285,2.6578523769758813,2.686431407928467,10023500,0.0,0.0
2022-02-16 00:00:00-05:00,2.6578522305115047,2.686431259889206,2.6483258873856044,2.6769049167633057,11582000,0.0,0.0
2022-02-17 00:00:00-05:00,2.6483258622643095,2.667378548335382,2.610220490122165,2.6292731761932373,10560800,0.0,0.0
2022-02-18 00:00:00-05:00,2.6387994607548113,2.6578521464036893,2.610220432281494,2.610220432281494,9502500,0.0,0.0
2022-02-22 00:00:00-05:00,2.6102203425311927,2.6483257125187265,2.591167657537426,2.619746685028076,11759000,0.0,0.0
2022-02-23 00:00:00-05:00,2.6673786640167236,2.695957694362774,2.648325977119357,2.6673786640167236,14247300,0.0,0.0
2022-02-24 00:00:00-05:00,2.3339562104392964,2.362535238265991,2.2958508400037037,2.362535238265991,18154600,0.0,0.0
2022-02-25 00:00:00-05:00,2.5054307776226152,2.5149571208896773,2.4768515206954906,2.4959042072296143,15526600,0.0,0.0
2022-02-28 00:00:00-05:00,2.3815881862744592,2.4577989355549383,2.372061842614399,2.4101672172546387,23190800,0.0,0.0
2022-03-01 00:00:00-05:00,2.400640707292739,2.400640707292739,2.248218992164685,2.2767982482910156,19806800,0.0,0.0
2022-03-02 00:00:00-05:00,2.2958510491609623,2.3339564230680416,2.2863247056841924,2.314903736114502,14933900,0.0,0.0
2022-03-03 00:00:00-05:00,2.3244299632916787,2.333956306291811,2.2577453351648176,2.2767982482910156,15074300,0.0,0.0
2022-03-04 00:00:00-05:00,2.172008067532488,2.1815344097403795,2.1243763564930305,2.1434290409088135,24220500,0.0,0.0
2022-03-07 00:00:00-05:00,2.0862712860529844,2.1053239731938014,1.9910076232229525,2.0100603103637695,24686300,0.0,0.0
2022-03-08 00:00:00-05:00,2.124376626085894,2.191061030003683,2.0672185655849327,2.1148502826690674,34277000,0.0,0.0
2022-03-09 00:00:00-05:00,2.238692580544429,2.2672718357947517,2.219639895128164,2.2577452659606934,19341600,0.0,0.0
2022-03-10 00:00:00-05:00,2.219640107428496,2.248219138286371,2.181534732951329,2.210113763809204,13973900,0.0,0.0
2022-03-11 00:00:00-05:00,2.248218987546871,2.2672719006339346,2.1910609296634775,2.200587272644043,13230400,0.0,0.0
2022-03-14 00:00:00-04:00,2.314903736114502,2.3625354534983507,2.2863247056841924,2.314903736114502,16374700,0.0,0.0
2022-03-15 00:00:00-04:00,2.3434825843437816,2.362535269816014,2.295850870663202,2.333956241607666,15512600,0.0,0.0
2022-03-16 00:00:00-04:00,2.372061842614399,2.419693560914699,2.3434828116342197,2.4101672172546387,18176400,0.0,0.0
2022-03-17 00:00:00-04:00,2.3625354430391092,2.400640816777491,2.343482756169918,2.3911144733428955,10679800,0.0,0.0
2022-03-18 00:00:00-04:00,2.3911144076229656,2.448272466659546,2.362535378104676,2.448272466659546,16345100,0.0,0.0
2022-03-21 00:00:00-04:00,2.4101668892191634,2.4292195739461198,2.391114204492207,2.4196932315826416,10629600,0.0,0.0
2022-03-22 00:00:00-04:00,2.486377785337212,2.514957041360591,2.4768514423713963,2.5054306983947754,9011600,0.0,0.0
2022-03-23 00:00:00-04:00,2.4673251530050724,2.486377839350599,2.438746123486782,2.448272466659546,9009300,0.0,0.0
2022-03-24 00:00:00-04:00,2.448272523781236,2.467325210571289,2.4387461803862096,2.467325210571289,5270900,0.0,0.0
2022-03-25 00:00:00-04:00,2.4292196328997164,2.4577986606837223,2.4196932903050477,2.4387459754943848,11196300,0.0,0.0
2022-03-28 00:00:00-04:00,2.4196933798007887,2.4292197227478027,2.3720616650657207,2.4292197227478027,9557200,0.0,0.0
2022-03-29 00:00:00-04:00,2.457798777225113,2.48637780636425,2.438746091132355,2.476851463317871,10822400,0.0,0.0
2022-03-30 00:00:00-04:00,2.410166951310482,2.410166951310482,2.362535238265991,2.362535238265991,8358000,0.0,0.0
2022-03-31 00:00:00-04:00,2.333956365164475,2.3434827084049035,2.28632464896233,2.295850992202759,7344700,0.0,0.0
2022-04-01 00:00:00-04:00,2.343482494354248,2.3625351790948583,2.3149034672433326,2.343482494354248,7519700,0.0,0.0
2022-04-04 00:00:00-04:00,2.3149036457561585,2.343482675070934,2.2958509595463084,2.324429988861084,9643200,0.0,0.0
2022-04-05 00:00:00-04:00,2.2672718357947517,2.276798178502884,2.238692580544429,2.2577452659606934,13330900,0.0,0.0
2022-04-06 00:00:00-04:00,2.2291664510477878,2.238692794667079,2.191061076570621,2.210113763809204,11249400,0.0,0.0
2022-04-07 00:00:00-04:00,2.2690499939706483,2.278872712092908,2.2297591214816097,2.2592272758483887,16456900,0.07,0.0
2022-04-08 00:00:00-04:00,2.2494044303894043,2.2592271479556087,2.229758995256995,2.2494044303894043,10097200,0.0,0.0
2022-04-11 00:00:00-04:00,2.2690499939706483,2.2985181483374273,2.2592272758483887,2.2592272758483887,10790700,0.0,0.0
2022-04-12 00:00:00-04:00,2.249404637695079,2.2690500746380167,2.2002910453377353,2.210113763809204,12424000,0.0,0.0
2022-04-13 00:00:00-04:00,2.21011368523709,2.2592272758483887,2.21011368523709,2.2592272758483887,8027100,0.0,0.0
2022-04-14 00:00:00-04:00,2.2788727283477783,2.288695446540102,2.2592272919631307,2.2788727283477783,7621800,0.0,0.0
2022-04-18 00:00:00-04:00,2.288695446540102,2.2985181647324255,2.2592272919631307,2.2788727283477783,4707600,0.0,0.0
2022-04-19 00:00:00-04:00,2.278872744324788,2.308340899108358,2.2690500260635975,2.298518180847168,10092100,0.0,0.0
2022-04-20 00:00:00-04:00,2.3476319313049316,2.3771000851465747,2.3181635432712193,2.3476319313049316,7673300,0.0,0.0
2022-04-21 00:00:00-04:00,2.37710006387562,2.386922781734938,2.327986240386963,2.327986240386963,8370700,0.0,0.0
2022-04-22 00:00:00-04:00,2.3083408829247496,2.3083408829247496,2.2592272919631307,2.2788727283477783,11144300,0.0,0.0
2022-04-25 00:00:00-04:00,2.2788726176729064,2.2886953353881836,2.2199363113812427,2.2886953353881836,17750500,0.0,0.0
2022-04-26 00:00:00-04:00,2.2788728090085906,2.3083409646285884,2.2199364977685945,2.2297592163085938,17351200,0.0,0.0
2022-04-27 00:00:00-04:00,2.21993627769079,2.2690498655218136,2.1904681249921762,2.2494044303894043,15881600,0.0,0.0
2022-04-28 00:00:00-04:00,2.2494044476060213,2.27887260053018,2.2002908593990895,2.269049882888794,17437500,0.0,0.0
2022-04-29 00:00:00-04:00,2.2297591849166505,2.259227340121777,2.1904683113098145,2.1904683113098145,18929600,0.0,0.0
2022-05-02 00:00:00-04:00,2.1904682004456593,2.2002909183502197,2.151177328827416,2.2002909183502197,10741800,0.0,0.0
2022-05-03 00:00:00-04:00,2.2494044303894043,2.2690498655218136,2.2395817128231994,2.2494044303894043,16188900,0.0,0.0
2022-05-04 00:00:00-04:00,2.2395818555784834,2.2985181647324255,2.210113701001512,2.2788727283477783,16384000,0.0,0.0
2022-05-05 00:00:00-04:00,2.1511773570124215,2.1511773570124215,2.0725953785542766,2.092241048812866,17044000,0.0,0.0
2022-05-06 00:00:00-04:00,2.082418075830245,2.092241027957661,2.0431272040888544,2.0725953578948975,28369200,0.0,0.0
2022-05-09 00:00:00-04:00,2.033304548059554,2.0431272662939644,2.0038363933563232,2.0038363933563232,20539900,0.0,0.0
2022-05-10 00:00:00-04:00,2.043127153472732,2.0529498711647327,1.9841908473207253,2.0136590003967285,22385800,0.0,0.0
2022-05-11 00:00:00-04:00,2.0333045316321896,2.0725954042523944,1.9743682227018826,1.9841909408569336,17242500,0.0,0.0
2022-05-12 00:00:00-04:00,2.0038364092312557,2.04312728248017,1.9743682542945697,2.023481845855713,18741000,0.0,0.0
2022-05-13 00:00:00-04:00,2.0431272244544987,2.1020637668461255,2.0431272244544987,2.092241048812866,15414900,0.0,0.0
2022-05-16 00:00:00-04:00,2.0627727662801343,2.102063874619712,2.052950047743261,2.082418203353882,17530200,0.0,0.0
2022-05-17 00:00:00-04:00,2.1217092356269314,2.1413546719963596,2.1118865174422172,2.1315319538116455,19302100,0.0,0.0
2022-05-18 00:00:00-04:00,2.102063874619712,2.131532030230333,2.082418203353882,2.082418203353882,12051100,0.0,0.0
2022-05-19 00:00:00-04:00,2.0824180037786726,2.1413545435436254,2.0824180037786726,2.121709108352661,18179500,0.0,0.0
2022-05-20 00:00:00-04:00,2.1315319375316384,2.1315319375316384,2.0627726765717274,2.111886501312256,10944400,0.0,0.0
2022-05-23 00:00:00-04:00,2.141354594533312,2.200290901509589,2.131531876703933,2.18064546585083,15340900,0.0,0.0
2022-05-24 00:00:00-04:00,2.161000030192071,2.18064546585083,2.131531876703933,2.18064546585083,12039400,0.0,0.0
2022-05-25 00:00:00-04:00,2.1413547038183656,2.190468295471798,2.131531985487679,2.170822858810425,14700600,0.0,0.0
2022-05-26 00:00:00-04:00,2.190468216914375,2.239581806806432,2.1806454989359634,2.2199363708496094,9924100,0.0,0.0
2022-05-27 00:00:00-04:00,2.2297592163085938,2.239581934848593,2.2199364977685945,2.2297592163085938,3353300,0.0,0.0
2022-05-31 00:00:00-04:00,2.1904683268662666,2.2297592007521416,2.180645608394798,2.210113763809204,10730900,0.0,0.0
2022-06-01 00:00:00-04:00,2.219936354159341,2.229759072063902,2.1708227646365374,2.2002909183502197,9936800,0.0,0.0
2022-06-02 00:00:00-04:00,2.200290934892786,2.2199363708496094,2.1806454989359634,2.2199363708496094,6302100,0.0,0.0
2022-06-03 00:00:00-04:00,2.2002910297115235,2.2199364665149415,2.1708228745063964,2.1904683113098145,4399600,0.0,0.0
2022-06-06 00:00:00-04:00,2.219936482280673,2.2395819192236104,2.2002910453377353,2.210113763809204,8399900,0.0,0.0
2022-06-07 00:00:00-04:00,2.21993627769079,2.2494044303894043,2.2101135601245856,2.2494044303894043,6146800,0.0,0.0
2022-06-08 00:00:00-04:00,2.2395819192236104,2.249404637695079,2.1904683268662666,2.210113763809204,10831800,0.0,0.0
2022-06-09 00:00:00-04:00,2.2002909811046445,2.2002909811046445,2.1315319538116455,2.1315319538116455,16412400,0.0,0.0
2022-06-10 00:00:00-04:00,2.092241027957661,2.102063745893009,2.0529499220242022,2.0725953578948975,21931100,0.0,0.0
2022-06-13 00:00:00-04:00,2.023481829825144,2.033304548059554,1.9841909568875022,2.0038363933563232,21191900,0.0,0.0
2022-06-14 00:00:00-04:00,2.033304539886333,2.0431272580812596,1.9645455125218496,1.9940136671066284,16352900,0.0,0.0
2022-06-15 00:00:00-04:00,2.0627727662801343,2.0922411560828382,2.0234818921326396,2.082418203353882,14459900,0.0,0.0
2022-06-16 00:00:00-04:00,2.0136591115907336,2.023481829825144,1.9940136751219126,2.0038363933563232,14256600,0.0,0.0
2022-06-17 00:00:00-04:00,2.0234817180887297,2.043127153472732,1.9841908473207253,2.0136590003967285,12607800,0.0,0.0
2022-06-21 00:00:00-04:00,2.072595341107077,2.0824180589628614,2.0431271875397234,2.052949905395508,7526300,0.0,0.0
2022-06-22 00:00:00-04:00,2.072595484817008,2.1217093116934596,2.052950047743261,2.082418203353882,15694800,0.0,0.0
2022-06-23 00:00:00-04:00,2.0333045641679415,2.04312728248017,1.9841909726067983,2.023481845855713,10427300,0.0,0.0
2022-06-24 00:00:00-04:00,2.0431272244544987,2.092241048812866,2.0431272244544987,2.092241048812866,11482300,0.0,0.0
2022-06-27 00:00:00-04:00,2.062772750854492,2.082418187781329,2.0431273139276556,2.062772750854492,10384000,0.0,0.0
2022-06-28 00:00:00-04:00,2.0725954535207536,2.0922411244899335,2.0333045799665523,2.0431272983551025,13834200,0.0,0.0
2022-06-29 00:00:00-04:00,2.043127170670802,2.043127170670802,2.003836299572066,2.033304452896118,11106500,0.0,0.0
2022-06-30 00:00:00-04:00,1.9743682386530919,2.0136591115907336,1.9449000839498607,2.0038363933563232,11398500,0.0,0.0
2022-07-01 00:00:00-04:00,1.9841908473207253,2.0136590003967285,1.954722694244722,2.0136590003967285,9889400,0.0,0.0
2022-07-05 00:00:00-04:00,1.9252546160611246,1.9743682064316488,1.905609179912915,1.964545488357544,14326100,0.0,0.0
2022-07-06 00:00:00-04:00,1.9154318818835845,1.9547227538496774,1.9154318818835845,1.9449000358581543,20614900,0.0,0.0
2022-07-07 00:00:00-04:00,1.9645455045468314,1.9841909408569338,1.9547227863917802,1.9841909408569336,16050000,0.0,0.0
2022-07-08 00:00:00-04:00,1.9743682307167758,1.9940136671066284,1.944900076131997,1.9940136671066284,12509700,0.0,0.0
2022-07-11 00:00:00-04:00,1.9645454718412005,1.9743681898327237,1.935077317866631,1.9449000358581543,10523800,0.0,0.0
2022-07-12 00:00:00-04:00,1.9252546080087847,1.9645454801408708,1.9252546080087847,1.9547227621078491,10638000,0.0,0.0
2022-07-13 00:00:00-04:00,1.9350773260418062,1.9547227621078493,1.9056091719427417,1.9547227621078491,11104500,0.0,0.0
2022-07-14 00:00:00-04:00,1.895786388714162,1.895786388714162,1.866318233808355,1.8761409521102905,10433600,0.0,0.0
2022-07-15 00:00:00-04:00,1.9056091638920614,1.9547227538496774,1.8957863288045032,1.9449000358581543,15567000,0.0,0.0
2022-07-18 00:00:00-04:00,1.984190948911702,2.013659103496481,1.984190948911702,1.9940136671066284,13953600,0.0,0.0
2022-07-19 00:00:00-04:00,2.0431272244544987,2.092241048812866,2.0431272244544987,2.092241048812866,14779200,0.0,0.0
2022-07-20 00:00:00-04:00,2.0431272983551025,2.0529500167436527,2.0136591431894515,2.0431272983551025,14093600,0.0,0.0
2022-07-21 00:00:00-04:00,1.984190880405016,2.052949905395508,1.984190880405016,2.052949905395508,13623900,0.0,0.0
2022-07-22 00:00:00-04:00,2.033304435780731,2.043127153472732,2.0038362827047274,2.0136590003967285,11176900,0.0,0.0
2022-07-25 00:00:00-04:00,2.0627727662801343,2.082418203353882,2.043127329206387,2.082418203353882,8563900,0.0,0.0
2022-07-26 00:00:00-04:00,2.0431271875397234,2.0627726232512926,2.0333044696839386,2.052949905395508,11513100,0.0,0.0
2022-07-27 00:00:00-04:00,2.131531876703933,2.18064546585083,2.1217091588745536,2.18064546585083,9027900,0.0,0.0
2022-07-28 00:00:00-04:00,2.1118864078274155,2.141354560852051,2.092240972477659,2.141354560852051,14038400,0.0,0.0
2022-07-29 00:00:00-04:00,2.121709267156992,2.170822858810425,2.111886548826306,2.170822858810425,10732700,0.0,0.0
2022-08-01 00:00:00-04:00,2.170822748021451,2.18064546585083,2.141354594533312,2.18064546585083,11589700,0.0,0.0
2022-08-02 00:00:00-04:00,2.170822713876686,2.1806454315515644,2.1315318431771724,2.141354560852051,10429200,0.0,0.0
2022-08-03 00:00:00-04:00,2.161000030192071,2.18064546585083,2.151177312362692,2.18064546585083,7323700,0.0,0.0
2022-08-04 00:00:00-04:00,2.1708227311042716,2.1806454488571028,2.1511772955986093,2.1610000133514404,13536400,0.0,0.0
2022-08-05 00:00:00-04:00,2.140000104904175,2.1700000762939453,2.130000114440918,2.1600000858306885,9534800,0.039,0.0
2022-08-08 00:00:00-04:00,2.180000066757202,2.190000057220459,2.1600000858306885,2.1600000858306885,4988600,0.0,0.0
2022-08-09 00:00:00-04:00,2.180000066757202,2.190000057220459,2.1500000953674316,2.1600000858306885,6102400,0.0,0.0
2022-08-10 00:00:00-04:00,2.200000047683716,2.2300000190734863,2.200000047683716,2.2300000190734863,8851900,0.0,0.0
2022-08-11 00:00:00-04:00,2.2300000190734863,2.240000009536743,2.2100000381469727,2.2200000286102295,6740300,0.0,0.0
2022-08-12 00:00:00-04:00,2.2200000286102295,2.2300000190734863,2.200000047683716,2.2300000190734863,8555100,0.0,0.0
2022-08-15 00:00:00-04:00,2.190000057220459,2.2200000286102295,2.180000066757202,2.2200000286102295,7672100,0.0,0.0
2022-08-16 00:00:00-04:00,2.190000057220459,2.2200000286102295,2.190000057220459,2.2100000381469727,6738200,0.0,0.0
2022-08-17 00:00:00-04:00,2.190000057220459,2.2100000381469727,2.180000066757202,2.190000057220459,5665200,0.0,0.0
2022-08-18 00:00:00-04:00,2.190000057220459,2.190000057220459,2.1600000858306885,2.180000066757202,8049400,0.0,0.0
2022-08-19 00:00:00-04:00,2.119999885559082,2.119999885559082,2.0899999141693115,2.0999999046325684,5939800,0.0,0.0
2022-08-22 00:00:00-04:00,2.0899999141693115,2.0999999046325684,2.059999942779541,2.069999933242798,9579500,0.0,0.0
2022-08-23 00:00:00-04:00,2.0799999237060547,2.0999999046325684,2.069999933242798,2.069999933242798,9194200,0.0,0.0
2022-08-24 00:00:00-04:00,2.0399999618530273,2.0799999237060547,2.0299999713897705,2.049999952316284,8357700,0.0,0.0
2022-08-25 00:00:00-04:00,2.059999942779541,2.0999999046325684,2.059999942779541,2.0899999141693115,5632100,0.0,0.0
2022-08-26 00:00:00-04:00,2.0899999141693115,2.0999999046325684,2.009999990463257,2.0199999809265137,9072500,0.0,0.0
2022-08-29 00:00:00-04:00,2.0199999809265137,2.0299999713897705,1.9900000095367432,1.9900000095367432,7177500,0.0,0.0
2022-08-30 00:00:00-04:00,2.049999952316284,2.049999952316284,2.0,2.009999990463257,8379600,0.0,0.0
2022-08-31 00:00:00-04:00,2.0199999809265137,2.0299999713897705,2.0,2.0,8863100,0.0,0.0
2022-09-01 00:00:00-04:00,1.9800000190734863,1.9800000190734863,1.9299999475479126,1.9500000476837158,11119800,0.0,0.0
2022-09-02 00:00:00-04:00,1.9900000095367432,2.009999990463257,1.9500000476837158,1.9600000381469727,10484400,0.0,0.0
2022-09-06 00:00:00-04:00,2.069999933242798,2.0799999237060547,2.0199999809265137,2.0299999713897705,12791100,0.0,0.0
2022-09-07 00:00:00-04:00,2.0,2.0399999618530273,2.0,2.0299999713897705,8577500,0.0,0.0
2022-09-08 00:00:00-04:00,2.0199999809265137,2.059999942779541,2.009999990463257,2.049999952316284,7986400,0.0,0.0
2022-09-09 00:00:00-04:00,2.0899999141693115,2.130000114440918,2.0899999141693115,2.119999885559082,6262100,0.0,0.0
2022-09-12 00:00:00-04:00,2.1500000953674316,2.190000057220459,2.1500000953674316,2.1700000762939453,5710300,0.0,0.0
2022-09-13 00:00:00-04:00,2.119999885559082,2.1500000953674316,2.0899999141693115,2.0999999046325684,7131800,0.0,0.0
2022-09-14 00:00:00-04:00,2.0999999046325684,2.130000114440918,2.0899999141693115,2.119999885559082,6772000,0.0,0.0
2022-09-15 00:00:00-04:00,2.1500000953674316,2.180000066757202,2.1500000953674316,2.1600000858306885,6773800,0.0,0.0
2022-09-16 00:00:00-04:00,2.1600000858306885,2.1700000762939453,2.140000104904175,2.1600000858306885,10032000,0.0,0.0
2022-09-19 00:00:00-04:00,2.130000114440918,2.190000057220459,2.119999885559082,2.190000057220459,4844600,0.0,0.0
2022-09-20 00:00:00-04:00,2.190000057220459,2.2100000381469727,2.1700000762939453,2.190000057220459,11822000,0.0,0.0
2022-09-21 00:00:00-04:00,2.1700000762939453,2.180000066757202,2.109999895095825,2.109999895095825,11190400,0.0,0.0
2022-09-22 00:00:00-04:00,2.140000104904175,2.1600000858306885,2.0899999141693115,2.109999895095825,12704600,0.0,0.0
2022-09-23 00:00:00-04:00,2.0399999618530273,2.0399999618530273,1.9500000476837158,1.9600000381469727,19247500,0.0,0.0
2022-09-26 00:00:00-04:00,1.8899999856948853,1.9199999570846558,1.8600000143051147,1.8899999856948853,18352300,0.0,0.0
2022-09-27 00:00:00-04:00,1.8600000143051147,1.8700000047683716,1.809999942779541,1.8200000524520874,19188600,0.0,0.0
2022-09-28 00:00:00-04:00,1.75,1.840000033378601,1.7300000190734863,1.840000033378601,22009700,0.0,0.0
2022-09-29 00:00:00-04:00,1.7799999713897705,1.809999942779541,1.75,1.809999942779541,25279900,0.0,0.0
2022-09-30 00:00:00-04:00,1.8200000524520874,1.8600000143051147,1.7899999618530273,1.7899999618530273,22843200,0.0,0.0
2022-10-03 00:00:00-04:00,1.8600000143051147,1.8899999856948853,1.8300000429153442,1.8799999952316284,9980000,0.0,0.0
2022-10-04 00:00:00-04:00,1.940000057220459,2.0,1.940000057220459,1.9900000095367432,20711200,0.0,0.0
2022-10-05 00:00:00-04:00,1.9199999570846558,1.9500000476837158,1.899999976158142,1.9299999475479126,11319300,0.0,0.0
2022-10-06 00:00:00-04:00,1.899999976158142,1.909999966621399,1.8700000047683716,1.899999976158142,10958300,0.0,0.0
2022-10-07 00:00:00-04:00,1.8899999856948853,1.899999976158142,1.8600000143051147,1.8799999952316284,8447600,0.0,0.0
2022-10-10 00:00:00-04:00,1.8700000047683716,1.8700000047683716,1.840000033378601,1.850000023841858,8520400,0.0,0.0
2022-10-11 00:00:00-04:00,1.8300000429153442,1.8600000143051147,1.7899999618530273,1.7899999618530273,14271800,0.0,0.0
2022-10-12 00:00:00-04:00,1.7200000286102295,1.7400000095367432,1.7000000476837158,1.7100000381469727,13639800,0.0,0.0
2022-10-13 00:00:00-04:00,1.809999942779541,1.9199999570846558,1.7999999523162842,1.899999976158142,23528600,0.0,0.0
2022-10-14 00:00:00-04:00,1.9199999570846558,1.940000057220459,1.8700000047683716,1.8799999952316284,13285300,0.0,0.0
2022-10-17 00:00:00-04:00,1.9299999475479126,1.9600000381469727,1.9199999570846558,1.9199999570846558,13311600,0.0,0.0
2022-10-18 00:00:00-04:00,1.940000057220459,1.9500000476837158,1.899999976158142,1.9299999475479126,14287300,0.0,0.0
2022-10-19 00:00:00-04:00,1.8300000429153442,1.840000033378601,1.7899999618530273,1.8200000524520874,13156900,0.0,0.0
2022-10-20 00:00:00-04:00,1.8799999952316284,1.909999966621399,1.840000033378601,1.850000023841858,12984000,0.0,0.0
2022-10-21 00:00:00-04:00,1.8200000524520874,1.8899999856948853,1.8200000524520874,1.8799999952316284,14129100,0.0,0.0
2022-10-24 00:00:00-04:00,1.909999966621399,1.9299999475479126,1.899999976158142,1.9199999570846558,10636700,0.0,0.0
2022-10-25 00:00:00-04:00,1.909999966621399,1.9700000286102295,1.909999966621399,1.9600000381469727,9125100,0.0,0.0
2022-10-26 00:00:00-04:00,1.9500000476837158,1.9700000286102295,1.9299999475479126,1.940000057220459,13122200,0.0,0.0
2022-10-27 00:00:00-04:00,1.9800000190734863,1.9900000095367432,1.940000057220459,1.9500000476837158,7576100,0.0,0.0
2022-10-28 00:00:00-04:00,1.899999976158142,1.909999966621399,1.8799999952316284,1.899999976158142,7555300,0.0,0.0
2022-10-31 00:00:00-04:00,1.909999966621399,1.940000057220459,1.899999976158142,1.909999966621399,8104200,0.0,0.0
2022-11-01 00:00:00-04:00,1.940000057220459,1.9500000476837158,1.909999966621399,1.9299999475479126,14126200,0.0,0.0
2022-11-02 00:00:00-04:00,1.909999966621399,1.940000057220459,1.8700000047683716,1.8700000047683716,11477900,0.0,0.0
2022-11-03 00:00:00-04:00,1.8300000429153442,1.8700000047683716,1.8300000429153442,1.850000023841858,9539100,0.0,0.0
2022-11-04 00:00:00-04:00,1.909999966621399,1.9500000476837158,1.8899999856948853,1.940000057220459,10964800,0.0,0.0
2022-11-07 00:00:00-05:00,1.9299999475479126,1.940000057220459,1.909999966621399,1.9199999570846558,11046000,0.0,0.0
2022-11-08 00:00:00-05:00,1.9500000476837158,1.9700000286102295,1.9299999475479126,1.940000057220459,10150400,0.0,0.0
2022-11-09 00:00:00-05:00,1.9199999570846558,1.9299999475479126,1.899999976158142,1.899999976158142,8589000,0.0,0.0
2022-11-10 00:00:00-05:00,1.9700000286102295,2.0199999809265137,1.9600000381469727,2.0199999809265137,9311100,0.0,0.0
2022-11-11 00:00:00-05:00,2.0399999618530273,2.059999942779541,2.0299999713897705,2.059999942779541,8317000,0.0,0.0
2022-11-14 00:00:00-05:00,2.0299999713897705,2.059999942779541,2.0199999809265137,2.0299999713897705,8334400,0.0,0.0
2022-11-15 00:00:00-05:00,2.069999933242798,2.069999933242798,2.0199999809265137,2.049999952316284,9765300,0.0,0.0
2022-11-16 00:00:00-05:00,2.0299999713897705,2.049999952316284,2.0199999809265137,2.0299999713897705,4605500,0.0,0.0
2022-11-17 00:00:00-05:00,2.059999942779541,2.0999999046325684,2.059999942779541,2.0999999046325684,5446500,0.0,0.0
2022-11-18 00:00:00-05:00,2.1500000953674316,2.1500000953674316,2.119999885559082,2.140000104904175,5484000,0.0,0.0
2022-11-21 00:00:00-05:00,2.140000104904175,2.140000104904175,2.109999895095825,2.130000114440918,6977300,0.0,0.0
2022-11-22 00:00:00-05:00,2.140000104904175,2.1600000858306885,2.130000114440918,2.1500000953674316,5790800,0.0,0.0
2022-11-23 00:00:00-05:00,2.1500000953674316,2.180000066757202,2.130000114440918,2.1500000953674316,7794700,0.0,0.0
2022-11-25 00:00:00-05:00,2.200000047683716,2.2300000190734863,2.190000057220459,2.2300000190734863,3086700,0.0,0.0
2022-11-28 00:00:00-05:00,2.200000047683716,2.2100000381469727,2.1700000762939453,2.180000066757202,6581100,0.0,0.0
2022-11-29 00:00:00-05:00,2.190000057220459,2.2300000190734863,2.190000057220459,2.2100000381469727,7281300,0.0,0.0
2022-11-30 00:00:00-05:00,2.2300000190734863,2.259999990463257,2.200000047683716,2.25,6046600,0.0,0.0
2022-12-01 00:00:00-05:00,2.259999990463257,2.2699999809265137,2.2300000190734863,2.25,7848600,0.0,0.0
2022-12-02 00:00:00-05:00,2.240000009536743,2.2699999809265137,2.240000009536743,2.2699999809265137,4135000,0.0,0.0
2022-12-05 00:00:00-05:00,2.2699999809265137,2.2899999618530273,2.2300000190734863,2.2300000190734863,5959900,0.0,0.0
2022-12-06 00:00:00-05:00,2.2300000190734863,2.259999990463257,2.2200000286102295,2.240000009536743,7083400,0.0,0.0
2022-12-07 00:00:00-05:00,2.2300000190734863,2.259999990463257,2.2300000190734863,2.240000009536743,5027600,0.0,0.0
2022-12-08 00:00:00-05:00,2.2300000190734863,2.240000009536743,2.2200000286102295,2.2300000190734863,5610400,0.0,0.0
2022-12-09 00:00:00-05:00,2.240000009536743,2.2699999809265137,2.240000009536743,2.25,3816400,0.0,0.0
2022-12-12 00:00:00-05:00,2.2300000190734863,2.259999990463257,2.2200000286102295,2.25,3903900,0.0,0.0
2022-12-13 00:00:00-05:00,2.2899999618530273,2.309999942779541,2.259999990463257,2.2899999618530273,11251900,0.0,0.0
2022-12-14 00:00:00-05:00,2.2699999809265137,2.2899999618530273,2.25,2.259999990463257,7058400,0.0,0.0
2022-12-15 00:00:00-05:00,2.2200000286102295,2.2300000190734863,2.190000057220459,2.190000057220459,7890000,0.0,0.0
2022-12-16 00:00:00-05:00,2.1700000762939453,2.190000057220459,2.1500000953674316,2.180000066757202,8071300,0.0,0.0
2022-12-19 00:00:00-05:00,2.1700000762939453,2.190000057220459,2.1600000858306885,2.180000066757202,7186400,0.0,0.0
2022-12-20 00:00:00-05:00,2.180000066757202,2.2100000381469727,2.180000066757202,2.190000057220459,5079300,0.0,0.0
2022-12-21 00:00:00-05:00,2.2200000286102295,2.259999990463257,2.2100000381469727,2.25,5555600,0.0,0.0
2022-12-22 00:00:00-05:00,2.2100000381469727,2.2200000286102295,2.180000066757202,2.2100000381469727,4876200,0.0,0.0
2022-12-23 00:00:00-05:00,2.2100000381469727,2.25,2.200000047683716,2.25,4411800,0.0,0.0
2022-12-27 00:00:00-05:00,2.2300000190734863,2.259999990463257,2.2300000190734863,2.25,3124500,0.0,0.0
2022-12-28 00:00:00-05:00,2.2300000190734863,2.25,2.200000047683716,2.2100000381469727,5404000,0.0,0.0
2022-12-29 00:00:00-05:00,2.200000047683716,2.2200000286102295,2.200000047683716,2.2200000286102295,4468400,0.0,0.0
2022-12-30 00:00:00-05:00,2.2100000381469727,2.240000009536743,2.190000057220459,2.200000047683716,4014100,0.0,0.0
2023-01-03 00:00:00-05:00,2.25,2.259999990463257,2.2200000286102295,2.240000009536743,6646800,0.0,0.0
2023-01-04 00:00:00-05:00,2.259999990463257,2.2899999618530273,2.25,2.2899999618530273,8116700,0.0,0.0
2023-01-05 00:00:00-05:00,2.2699999809265137,2.309999942779541,2.2699999809265137,2.299999952316284,5968100,0.0,0.0
2023-01-06 00:00:00-05:00,2.2799999713897705,2.3399999141693115,2.259999990463257,2.3399999141693115,5018600,0.0,0.0
2023-01-09 00:00:00-05:00,2.3299999237060547,2.3499999046325684,2.319999933242798,2.3299999237060547,6270800,0.0,0.0
2023-01-10 00:00:00-05:00,2.3399999141693115,2.3499999046325684,2.319999933242798,2.3399999141693115,4317500,0.0,0.0
2023-01-11 00:00:00-05:00,2.319999933242798,2.3499999046325684,2.319999933242798,2.3399999141693115,3745600,0.0,0.0
2023-01-12 00:00:00-05:00,2.359999895095825,2.390000104904175,2.3399999141693115,2.380000114440918,7994700,0.0,0.0
2023-01-13 00:00:00-05:00,2.4000000953674316,2.440000057220459,2.4000000953674316,2.4100000858306885,6296500,0.0,0.0
2023-01-17 00:00:00-05:00,2.430000066757202,2.440000057220459,2.4100000858306885,2.4100000858306885,5750000,0.0,0.0
2023-01-18 00:00:00-05:00,2.440000057220459,2.450000047683716,2.4000000953674316,2.4100000858306885,4971200,0.0,0.0
2023-01-19 00:00:00-05:00,2.4000000953674316,2.4200000762939453,2.380000114440918,2.4200000762939453,6782300,0.0,0.0
2023-01-20 00:00:00-05:00,2.4100000858306885,2.440000057220459,2.4100000858306885,2.440000057220459,4495100,0.0,0.0
2023-01-23 00:00:00-05:00,2.440000057220459,2.4600000381469727,2.430000066757202,2.450000047683716,4159900,0.0,0.0
2023-01-24 00:00:00-05:00,2.430000066757202,2.4600000381469727,2.430000066757202,2.450000047683716,5513900,0.0,0.0
2023-01-25 00:00:00-05:00,2.5,2.5299999713897705,2.490000009536743,2.509999990463257,9514700,0.0,0.0
2023-01-26 00:00:00-05:00,2.569999933242798,2.5999999046325684,2.559999942779541,2.5999999046325684,10167000,0.0,0.0
2023-01-27 00:00:00-05:00,2.5799999237060547,2.5999999046325684,2.569999933242798,2.5999999046325684,5055600,0.0,0.0
2023-01-30 00:00:00-05:00,2.5899999141693115,2.609999895095825,2.5799999237060547,2.5799999237060547,6592100,0.0,0.0
2023-01-31 00:00:00-05:00,2.559999942779541,2.5899999141693115,2.549999952316284,2.5899999141693115,6265400,0.0,0.0
2023-02-01 00:00:00-05:00,2.569999933242798,2.619999885559082,2.549999952316284,2.5999999046325684,7386000,0.0,0.0
2023-02-02 00:00:00-05:00,2.609999895095825,2.619999885559082,2.569999933242798,2.5999999046325684,4998300,0.0,0.0
2023-02-03 00:00:00-05:00,2.5299999713897705,2.569999933242798,2.5299999713897705,2.5399999618530273,10071700,0.0,0.0
2023-02-06 00:00:00-05:00,2.5299999713897705,2.5399999618530273,2.5,2.5299999713897705,8373100,0.0,0.0
2023-02-07 00:00:00-05:00,2.5399999618530273,2.5999999046325684,2.5399999618530273,2.5899999141693115,8281900,0.0,0.0
2023-02-08 00:00:00-05:00,2.569999933242798,2.5899999141693115,2.549999952316284,2.5899999141693115,8617900,0.0,0.0
2023-02-09 00:00:00-05:00,2.630000114440918,2.630000114440918,2.569999933242798,2.569999933242798,7196400,0.0,0.0
2023-02-10 00:00:00-05:00,2.559999942779541,2.569999933242798,2.5399999618530273,2.559999942779541,8786600,0.0,0.0
2023-02-13 00:00:00-05:00,2.549999952316284,2.5799999237060547,2.549999952316284,2.569999933242798,4354800,0.0,0.0
2023-02-14 00:00:00-05:00,2.569999933242798,2.619999885559082,2.569999933242798,2.5799999237060547,10877200,0.0,0.0
2023-02-15 00:00:00-05:00,2.490000009536743,2.5299999713897705,2.4800000190734863,2.5299999713897705,9434000,0.0,0.0
2023-02-16 00:00:00-05:00,2.5,2.5399999618530273,2.5,2.5399999618530273,10466500,0.0,0.0
2023-02-17 00:00:00-05:00,2.450000047683716,2.450000047683716,2.4200000762939453,2.430000066757202,12397900,0.0,0.0
2023-02-21 00:00:00-05:00,2.450000047683716,2.4800000190734863,2.390000104904175,2.390000104904175,16511400,0.0,0.0
2023-02-22 00:00:00-05:00,2.4600000381469727,2.4700000286102295,2.430000066757202,2.440000057220459,9607900,0.0,0.0
2023-02-23 00:00:00-05:00,2.490000009536743,2.5299999713897705,2.4600000381469727,2.5299999713897705,15455500,0.0,0.0
2023-02-24 00:00:00-05:00,2.4600000381469727,2.4800000190734863,2.450000047683716,2.4700000286102295,8608400,0.0,0.0
2023-02-27 00:00:00-05:00,2.490000009536743,2.509999990463257,2.4800000190734863,2.490000009536743,7101200,0.0,0.0
2023-02-28 00:00:00-05:00,2.5399999618530273,2.559999942779541,2.5199999809265137,2.5299999713897705,10355600,0.0,0.0
2023-03-01 00:00:00-05:00,2.509999990463257,2.509999990463257,2.4800000190734863,2.5,9607500,0.0,0.0
2023-03-02 00:00:00-05:00,2.440000057220459,2.4600000381469727,2.4200000762939453,2.450000047683716,8145900,0.0,0.0
2023-03-03 00:00:00-05:00,2.4600000381469727,2.5,2.450000047683716,2.490000009536743,7654400,0.0,0.0
2023-03-06 00:00:00-05:00,2.4600000381469727,2.5,2.4600000381469727,2.5,6302100,0.0,0.0
2023-03-07 00:00:00-05:00,2.4700000286102295,2.4800000190734863,2.4000000953674316,2.4100000858306885,11039600,0.0,0.0
2023-03-08 00:00:00-05:00,2.440000057220459,2.4600000381469727,2.430000066757202,2.440000057220459,7627200,0.0,0.0
2023-03-09 00:00:00-05:00,2.4600000381469727,2.4600000381469727,2.390000104904175,2.4000000953674316,16583300,0.0,0.0
2023-03-10 00:00:00-05:00,2.369999885559082,2.390000104904175,2.309999942779541,2.3499999046325684,24462800,0.0,0.0
2023-03-13 00:00:00-04:00,2.2899999618530273,2.299999952316284,2.240000009536743,2.25,28834300,0.0,0.0
2023-03-14 00:00:00-04:00,2.3499999046325684,2.3499999046325684,2.2799999713897705,2.299999952316284,17841300,0.0,0.0
2023-03-15 00:00:00-04:00,2.2100000381469727,2.25,2.190000057220459,2.2200000286102295,23232300,0.0,0.0
2023-03-16 00:00:00-04:00,2.240000009536743,2.319999933242798,2.2300000190734863,2.299999952316284,22849700,0.0,0.0
2023-03-17 00:00:00-04:00,2.2300000190734863,2.240000009536743,2.180000066757202,2.180000066757202,26066500,0.0,0.0
2023-03-20 00:00:00-04:00,2.200000047683716,2.25,2.200000047683716,2.2200000286102295,24748100,0.0,0.0
2023-03-21 00:00:00-04:00,2.309999942779541,2.3499999046325684,2.309999942779541,2.319999933242798,16664300,0.0,0.0
2023-03-22 00:00:00-04:00,2.3499999046325684,2.3499999046325684,2.2699999809265137,2.2799999713897705,21183900,0.0,0.0
2023-03-23 00:00:00-04:00,2.309999942779541,2.319999933242798,2.2100000381469727,2.2300000190734863,16665900,0.0,0.0
2023-03-24 00:00:00-04:00,2.190000057220459,2.2300000190734863,2.1700000762939453,2.2200000286102295,19249900,0.0,0.0
2023-03-27 00:00:00-04:00,2.240000009536743,2.2699999809265137,2.2300000190734863,2.259999990463257,13435800,0.0,0.0
2023-03-28 00:00:00-04:00,2.25,2.2699999809265137,2.2200000286102295,2.2200000286102295,12538900,0.0,0.0
2023-03-29 00:00:00-04:00,2.2799999713897705,2.309999942779541,2.2699999809265137,2.309999942779541,11318200,0.0,0.0
2023-03-30 00:00:00-04:00,2.3499999046325684,2.359999895095825,2.309999942779541,2.359999895095825,12398800,0.0,0.0
2023-03-31 00:00:00-04:00,2.3299999237060547,2.3499999046325684,2.309999942779541,2.319999933242798,5847500,0.0,0.0
2023-04-03 00:00:00-04:00,2.369999885559082,2.390000104904175,2.359999895095825,2.369999885559082,6634800,0.0,0.0
2023-04-04 00:00:00-04:00,2.390000104904175,2.4000000953674316,2.3399999141693115,2.359999895095825,11835300,0.0,0.0
2023-04-05 00:00:00-04:00,2.380000114440918,2.4000000953674316,2.359999895095825,2.369999885559082,14826300,0.0,0.0
2023-04-06 00:00:00-04:00,2.4000000953674316,2.4200000762939453,2.380000114440918,2.390000104904175,12178200,0.0,0.0
